ID,value,Activity
GRAMPA0,1.404833717,4.595166283
GRAMPA1,1.806179974,4.193820026
GRAMPA2,2.729534801,3.270465199
GRAMPA3,1.035664457,4.964335543
GRAMPA4,3.255272505,2.744727495
GRAMPA5,0.716003344,5.283996656
GRAMPA6,1.806179974,4.193820026
GRAMPA7,0.740362689,5.259637311
GRAMPA8,0.511883361,5.488116639
GRAMPA9,1.22184875,4.77815125
GRAMPA10,1.397940009,4.602059991
GRAMPA11,0.91559819,5.08440181
GRAMPA12,0.793802447,5.206197553
GRAMPA13,1.763059376,4.236940624
GRAMPA14,1.739487737,4.260512263
GRAMPA15,1.204119983,4.795880017
GRAMPA16,0.301029996,5.698970004
GRAMPA17,0.780157233,5.219842767
GRAMPA18,1.698970004,4.301029996
GRAMPA19,1.397940009,4.602059991
GRAMPA20,0.495544338,5.504455662
GRAMPA21,2.0,4.0
GRAMPA22,1.0,5.0
GRAMPA23,1.397940009,4.602059991
GRAMPA24,1.477121255,4.522878745
GRAMPA25,1.477121255,4.522878745
GRAMPA27,1.597969275,4.402030725
GRAMPA28,2.301029996,3.698970004
GRAMPA29,-0.397940009,6.397940009
GRAMPA30,0.505149978,5.494850022
GRAMPA31,0.822821645,5.177178355
GRAMPA32,0.77815125,5.22184875
GRAMPA33,1.534986227,4.465013773
GRAMPA34,2.13142941,3.86857059
GRAMPA35,3.397940009,2.602059991
GRAMPA36,1.122180125,4.877819875
GRAMPA37,2.153062243,3.846937757
GRAMPA38,1.748738073,4.251261927
GRAMPA39,2.0,4.0
GRAMPA40,2.0,4.0
GRAMPA41,0.347292349,5.652707651
GRAMPA43,1.594341466,4.405658534
GRAMPA44,1.035544264,4.964455736
GRAMPA45,1.052787716,4.947212284
GRAMPA46,0.407489507,5.592510493
GRAMPA47,0.345574504,5.654425496
GRAMPA48,1.714462064,4.285537936
GRAMPA49,0.193124598,5.806875402
GRAMPA50,-0.107905397,6.107905397
GRAMPA51,0.494154594,5.505845406
GRAMPA52,0.494154594,5.505845406
GRAMPA53,-0.408935393,6.408935393
GRAMPA55,1.714691003,4.285308997
GRAMPA56,2.095828935,3.904171065
GRAMPA57,1.204119983,4.795880017
GRAMPA58,1.912751771,4.087248229
GRAMPA59,0.439332694,5.560667306
GRAMPA60,1.204119983,4.795880017
GRAMPA61,0.301029996,5.698970004
GRAMPA62,1.537819095,4.462180905
GRAMPA63,2.167916809,3.832083191
GRAMPA64,0.977446003,5.022553997
GRAMPA65,1.653212514,4.346787486
GRAMPA66,-0.226118693,6.226118693
GRAMPA67,1.096910013,4.903089987
GRAMPA68,1.254584854,4.745415146
GRAMPA69,1.579489271,4.420510729
GRAMPA70,1.196479183,4.803520817
GRAMPA71,1.602059991,4.397940009
GRAMPA72,1.641282787,4.358717213
GRAMPA73,1.347024309,4.652975691
GRAMPA74,0.799340549,5.200659451
GRAMPA75,1.176091259,4.823908741
GRAMPA76,1.505149978,4.494850022
GRAMPA78,0.273001272,5.726998728
GRAMPA79,2.176091259,3.823908741
GRAMPA80,2.176091259,3.823908741
GRAMPA81,2.176091259,3.823908741
GRAMPA82,1.77815125,4.22184875
GRAMPA83,0.903089987,5.096910013
GRAMPA84,1.698970004,4.301029996
GRAMPA85,1.698970004,4.301029996
GRAMPA87,1.146968071,4.853031929
GRAMPA88,1.73239376,4.26760624
GRAMPA89,1.704150517,4.295849483
GRAMPA90,1.451786436,4.548213564
GRAMPA91,1.029383778,4.970616222
GRAMPA92,1.550368313,4.449631687
GRAMPA93,1.168088503,4.831911497
GRAMPA94,0.477121255,5.522878745
GRAMPA95,0.574031268,5.425968732
GRAMPA96,1.653212514,4.346787486
GRAMPA97,1.434403704,4.565596296
GRAMPA98,1.213565458,4.786434542
GRAMPA99,1.041392685,4.958607315
GRAMPA100,0.230448921,5.769551079
GRAMPA101,-0.05343728,6.05343728
GRAMPA102,0.676793101,5.323206899
GRAMPA103,1.539472085,4.460527915
GRAMPA104,1.012837225,4.987162775
GRAMPA105,1.193820026,4.806179974
GRAMPA106,1.297401259,4.702598741
GRAMPA107,2.069068809,3.930931191
GRAMPA108,1.131475391,4.868524609
GRAMPA109,2.214311877,3.785688123
GRAMPA110,2.176091259,3.823908741
GRAMPA111,2.876940771,3.123059229
GRAMPA112,2.0,4.0
GRAMPA113,1.457882814,4.542117186
GRAMPA114,2.270282518,3.729717482
GRAMPA116,0.465469177,5.534530823
GRAMPA117,0.795880017,5.204119983
GRAMPA118,2.230448921,3.769551079
GRAMPA119,1.346248331,4.653751669
GRAMPA120,0.979032266,5.020967734
GRAMPA121,2.174262571,3.825737429
GRAMPA122,1.973803393,4.026196607
GRAMPA123,1.929321034,4.070678966
GRAMPA126,1.397940009,4.602059991
GRAMPA128,1.491361694,4.508638306
GRAMPA129,2.973127854,3.026872146
GRAMPA130,1.808962119,4.191037881
GRAMPA131,0.903089987,5.096910013
GRAMPA132,1.301029996,4.698970004
GRAMPA133,2.168421013,3.831578987
GRAMPA134,1.531478917,4.468521083
GRAMPA135,1.414973348,4.585026652
GRAMPA136,-0.783373731,6.783373731
GRAMPA137,2.957851505,3.042148495
GRAMPA138,2.89683429,3.10316571
GRAMPA139,2.088444507,3.911555493
GRAMPA140,2.091680987,3.908319013
GRAMPA142,3.882032364,2.117967636
GRAMPA143,1.921765897,4.078234103
GRAMPA144,1.301029996,4.698970004
GRAMPA145,1.895567254,4.104432746
GRAMPA146,1.602059991,4.397940009
GRAMPA147,2.020824783,3.979175217
GRAMPA148,2.004998987,3.995001013
GRAMPA149,1.44238053,4.55761947
GRAMPA150,1.44238053,4.55761947
GRAMPA151,1.620707597,4.379292403
GRAMPA152,1.505149978,4.494850022
GRAMPA153,2.0,4.0
GRAMPA156,1.036429266,4.963570734
GRAMPA157,2.301029996,3.698970004
GRAMPA159,0.634652341,5.365347659
GRAMPA160,0.438630248,5.561369752
GRAMPA161,1.85056361,4.14943639
GRAMPA162,0.637139113,5.362860887
GRAMPA164,1.301029996,4.698970004
GRAMPA165,2.301029996,3.698970004
GRAMPA166,2.0,4.0
GRAMPA167,1.477121255,4.522878745
GRAMPA168,1.698970004,4.301029996
GRAMPA169,1.397940009,4.602059991
GRAMPA170,1.477121255,4.522878745
GRAMPA171,1.806179974,4.193820026
GRAMPA172,0.903089987,5.096910013
GRAMPA173,1.675319983,4.324680017
GRAMPA174,0.456663883,5.543336117
GRAMPA175,0.096910013,5.903089987
GRAMPA176,2.0,4.0
GRAMPA177,1.640978057,4.359021943
GRAMPA178,1.204119983,4.795880017
GRAMPA179,0.698970004,5.301029996
GRAMPA182,1.096910013,4.903089987
GRAMPA183,-0.107905397,6.107905397
GRAMPA184,0.63896272,5.36103728
GRAMPA185,1.096910013,4.903089987
GRAMPA186,1.432026689,4.567973311
GRAMPA187,0.494154594,5.505845406
GRAMPA188,0.315270435,5.684729565
GRAMPA189,0.531478917,5.468521083
GRAMPA190,0.315270435,5.684729565
GRAMPA191,0.441956838,5.558043162
GRAMPA192,0.230448921,5.769551079
GRAMPA198,0.301029996,5.698970004
GRAMPA199,1.255272505,4.744727495
GRAMPA201,1.0,5.0
GRAMPA203,0.622879835,5.377120165
GRAMPA204,0.469295917,5.530704083
GRAMPA207,0.849485002,5.150514998
GRAMPA210,1.204119983,4.795880017
GRAMPA212,0.301029996,5.698970004
GRAMPA213,0.903089987,5.096910013
GRAMPA214,1.204119983,4.795880017
GRAMPA215,0.812913357,5.187086643
GRAMPA216,1.06069784,4.93930216
GRAMPA219,0.278753601,5.721246399
GRAMPA220,0.380211242,5.619788758
GRAMPA221,0.698970004,5.301029996
GRAMPA222,1.096910013,4.903089987
GRAMPA223,0.673020907,5.326979093
GRAMPA224,0.146128036,5.853871964
GRAMPA225,0.709565932,5.290434068
GRAMPA226,-0.137789226,6.137789226
GRAMPA227,1.126752702,4.873247298
GRAMPA228,2.176091259,3.823908741
GRAMPA229,0.727656499,5.272343501
GRAMPA230,0.178269598,5.821730402
GRAMPA231,0.366733199,5.633266801
GRAMPA232,0.108703584,5.891296416
GRAMPA233,1.038085385,4.961914615
GRAMPA234,0.973127854,5.026872146
GRAMPA235,2.176091259,3.823908741
GRAMPA236,1.079181246,4.920818754
GRAMPA237,1.150514998,4.849485002
GRAMPA238,1.481202196,4.518797804
GRAMPA239,1.452128977,4.547871023
GRAMPA240,0.602059991,5.397940009
GRAMPA241,1.638489257,4.361510743
GRAMPA242,1.35601973,4.64398027
GRAMPA243,1.191393897,4.808606103
GRAMPA244,0.600660931,5.399339069
GRAMPA245,0.588484546,5.411515454
GRAMPA246,0.591228964,5.408771036
GRAMPA247,1.397940009,4.602059991
GRAMPA248,1.698970004,4.301029996
GRAMPA249,1.806179974,4.193820026
GRAMPA250,1.668262653,4.331737347
GRAMPA251,1.512105363,4.487894637
GRAMPA252,1.381245267,4.618754733
GRAMPA253,1.72001579,4.27998421
GRAMPA254,2.278021023,3.721978977
GRAMPA255,2.271470003,3.728529997
GRAMPA256,2.289376845,3.710623155
GRAMPA257,1.704240402,4.295759598
GRAMPA258,1.397940009,4.602059991
GRAMPA259,0.704378369,5.295621631
GRAMPA260,0.658630599,5.341369401
GRAMPA261,0.636689777,5.363310223
GRAMPA262,0.619847102,5.380152898
GRAMPA263,1.176711434,4.823288566
GRAMPA266,1.02893484,4.97106516
GRAMPA268,1.096910013,4.903089987
GRAMPA269,0.977367371,5.022632629
GRAMPA270,1.204119983,4.795880017
GRAMPA271,0.306649924,5.693350076
GRAMPA272,0.32444735,5.67555265
GRAMPA273,0.977723605,5.022276395
GRAMPA274,1.77815125,4.22184875
GRAMPA275,0.336863136,5.663136864
GRAMPA276,1.220108088,4.779891912
GRAMPA277,0.698970004,5.301029996
GRAMPA278,0.698970004,5.301029996
GRAMPA279,0.302459524,5.697540476
GRAMPA280,0.898793817,5.101206183
GRAMPA281,1.740362689,4.259637311
GRAMPA282,2.603979117,3.396020883
GRAMPA283,0.716466178,5.283533822
GRAMPA284,1.337333977,4.662666023
GRAMPA285,1.091849711,4.908150289
GRAMPA286,1.669081894,4.330918106
GRAMPA287,1.08684388,4.91315612
GRAMPA289,-0.15490196,6.15490196
GRAMPA290,0.728216524,5.271783476
GRAMPA291,1.079181246,4.920818754
GRAMPA292,0.550473621,5.449526379
GRAMPA293,2.0,4.0
GRAMPA294,2.113943352,3.886056648
GRAMPA296,1.397940009,4.602059991
GRAMPA297,-2.397408385,8.397408385
GRAMPA298,2.0,4.0
GRAMPA299,1.491827041,4.508172959
GRAMPA300,1.186167883,4.813832117
GRAMPA301,0.602059991,5.397940009
GRAMPA302,1.227196663,4.772803337
GRAMPA303,0.795880017,5.204119983
GRAMPA304,1.041392685,4.958607315
GRAMPA305,0.698970004,5.301029996
GRAMPA306,0.193124598,5.806875402
GRAMPA307,1.095465448,4.904534552
GRAMPA308,1.017496174,4.982503826
GRAMPA309,1.204119983,4.795880017
GRAMPA310,0.0,6.0
GRAMPA311,0.0,6.0
GRAMPA312,0.494850022,5.505149978
GRAMPA313,1.204119983,4.795880017
GRAMPA314,2.0,4.0
GRAMPA315,1.096910013,4.903089987
GRAMPA317,0.602059991,5.397940009
GRAMPA318,0.22184875,5.77815125
GRAMPA319,1.397940009,4.602059991
GRAMPA321,0.902875533,5.097124467
GRAMPA322,1.973127854,4.026872146
GRAMPA323,0.792391689,5.207608311
GRAMPA324,0.397940009,5.602059991
GRAMPA325,0.26284534,5.73715466
GRAMPA326,0.698970004,5.301029996
GRAMPA327,0.257301944,5.742698056
GRAMPA328,2.041392685,3.958607315
GRAMPA329,0.837717181,5.162282819
GRAMPA330,1.301029996,4.698970004
GRAMPA331,0.477121255,5.522878745
GRAMPA332,1.079954832,4.920045168
GRAMPA333,0.698970004,5.301029996
GRAMPA334,1.681241237,4.318758763
GRAMPA335,0.922794281,5.077205719
GRAMPA336,1.077929929,4.922070071
GRAMPA337,1.204119983,4.795880017
GRAMPA338,1.318537794,4.681462206
GRAMPA339,0.602059991,5.397940009
GRAMPA341,0.893174743,5.106825257
GRAMPA344,1.609601596,4.390398404
GRAMPA345,2.21843152,3.78156848
GRAMPA346,1.320766689,4.679233311
GRAMPA347,2.316417857,3.683582143
GRAMPA348,2.228986777,3.771013223
GRAMPA349,2.193966252,3.806033748
GRAMPA350,0.746296682,5.253703318
GRAMPA351,2.188569079,3.811430921
GRAMPA352,2.208142506,3.791857494
GRAMPA353,1.086010115,4.913989885
GRAMPA354,2.204119983,3.795880017
GRAMPA355,0.707510669,5.292489331
GRAMPA356,0.795880017,5.204119983
GRAMPA357,0.193124598,5.806875402
GRAMPA358,1.913827383,4.086172617
GRAMPA359,0.193124598,5.806875402
GRAMPA360,0.918030337,5.081969663
GRAMPA361,0.193124598,5.806875402
GRAMPA363,2.202908983,3.797091017
GRAMPA364,1.698970004,4.301029996
GRAMPA365,1.096910013,4.903089987
GRAMPA366,0.997735769,5.002264231
GRAMPA367,1.477121255,4.522878745
GRAMPA368,1.236651493,4.763348507
GRAMPA369,0.528520391,5.471479609
GRAMPA370,0.59197335,5.40802665
GRAMPA371,0.658373463,5.341626537
GRAMPA372,0.437881673,5.562118327
GRAMPA373,2.095330407,3.904669593
GRAMPA374,2.088817497,3.911182503
GRAMPA375,1.481574738,4.518425262
GRAMPA376,2.208473382,3.791526618
GRAMPA377,2.088817497,3.911182503
GRAMPA378,2.090481432,3.909518568
GRAMPA379,1.777072853,4.222927147
GRAMPA380,1.773835937,4.226164063
GRAMPA381,1.765240672,4.234759328
GRAMPA382,1.774839851,4.225160149
GRAMPA383,2.075869847,3.924130153
GRAMPA384,2.063895211,3.936104789
GRAMPA385,1.759732105,4.240267895
GRAMPA386,0.572143637,5.427856363
GRAMPA387,0.256932025,5.743067975
GRAMPA388,1.166157959,4.833842041
GRAMPA389,1.754292514,4.245707486
GRAMPA390,1.455973797,4.544026203
GRAMPA391,2.090481432,3.909518568
GRAMPA392,1.774839851,4.225160149
GRAMPA393,0.176091259,5.823908741
GRAMPA394,2.137720904,3.862279096
GRAMPA395,0.463886132,5.536113868
GRAMPA396,1.310684817,4.689315183
GRAMPA397,2.452970359,3.547029641
GRAMPA398,1.531478917,4.468521083
GRAMPA399,0.698970004,5.301029996
GRAMPA400,1.397940009,4.602059991
GRAMPA401,1.176091259,4.823908741
GRAMPA402,1.47544267,4.52455733
GRAMPA403,2.082823959,3.917176041
GRAMPA404,2.086529258,3.913470742
GRAMPA405,2.09659217,3.90340783
GRAMPA406,2.08014605,3.91985395
GRAMPA407,2.065872503,3.934127497
GRAMPA408,2.072047855,3.927952145
GRAMPA409,1.759732105,4.240267895
GRAMPA410,0.578070351,5.421929649
GRAMPA411,0.563697065,5.436302935
GRAMPA412,0.566494382,5.433505618
GRAMPA413,0.563697065,5.436302935
GRAMPA414,0.444976427,5.555023573
GRAMPA415,0.254774969,5.745225031
GRAMPA416,1.181772931,4.818227069
GRAMPA417,0.880742935,5.119257065
GRAMPA418,2.072641228,3.927358772
GRAMPA419,0.564294637,5.435705363
GRAMPA420,2.080356475,3.919643525
GRAMPA421,0.880742935,5.119257065
GRAMPA422,0.378900777,5.621099223
GRAMPA423,0.943478106,5.056521894
GRAMPA424,1.257228065,4.742771935
GRAMPA425,0.628556352,5.371443648
GRAMPA426,1.0,5.0
GRAMPA427,0.817311161,5.182688839
GRAMPA428,0.768701516,5.231298484
GRAMPA429,0.604411274,5.395588726
GRAMPA430,0.318196412,5.681803588
GRAMPA431,0.325865799,5.674134201
GRAMPA432,0.494154594,5.505845406
GRAMPA433,0.77815125,5.22184875
GRAMPA434,1.079181246,4.920818754
GRAMPA435,0.77815125,5.22184875
GRAMPA436,0.477121255,5.522878745
GRAMPA437,0.477121255,5.522878745
GRAMPA438,0.477121255,5.522878745
GRAMPA439,2.559200679,3.440799321
GRAMPA440,1.453262518,4.546737482
GRAMPA441,0.996558023,5.003441977
GRAMPA442,0.84509804,5.15490196
GRAMPA443,1.346517699,4.653482301
GRAMPA444,1.757003793,4.242996207
GRAMPA445,0.864727061,5.135272939
GRAMPA446,0.254774969,5.745225031
GRAMPA447,0.624738576,5.375261424
GRAMPA450,0.795880017,5.204119983
GRAMPA451,2.301029996,3.698970004
GRAMPA452,1.602059991,4.397940009
GRAMPA453,2.176091259,3.823908741
GRAMPA454,1.903089987,4.096910013
GRAMPA455,2.0,4.0
GRAMPA456,1.698970004,4.301029996
GRAMPA457,1.096910013,4.903089987
GRAMPA458,0.954242509,5.045757491
GRAMPA459,1.015674605,4.984325395
GRAMPA460,1.432434775,4.567565225
GRAMPA461,-0.10741706,6.10741706
GRAMPA462,0.939329318,5.060670682
GRAMPA463,2.301029996,3.698970004
GRAMPA464,0.56296001,5.43703999
GRAMPA465,1.176091259,4.823908741
GRAMPA466,0.543440729,5.456559271
GRAMPA467,1.176091259,4.823908741
GRAMPA468,0.648043474,5.351956526
GRAMPA469,1.903089987,4.096910013
GRAMPA470,0.77815125,5.22184875
GRAMPA471,0.477121255,5.522878745
GRAMPA472,1.0,5.0
GRAMPA473,1.176091259,4.823908741
GRAMPA474,1.0,5.0
GRAMPA475,1.698970004,4.301029996
GRAMPA476,2.096910013,3.903089987
GRAMPA477,0.710151054,5.289848946
GRAMPA478,0.477121255,5.522878745
GRAMPA479,0.176091259,5.823908741
GRAMPA480,2.176091259,3.823908741
GRAMPA481,1.770852012,4.229147988
GRAMPA482,0.089637291,5.910362709
GRAMPA483,0.193344967,5.806655033
GRAMPA484,1.176091259,4.823908741
GRAMPA485,1.763427994,4.236572006
GRAMPA486,1.763427994,4.236572006
GRAMPA487,1.119530908,4.880469092
GRAMPA488,0.011694568,5.988305432
GRAMPA489,0.158119229,5.841880771
GRAMPA490,2.08766313,3.91233687
GRAMPA491,1.602059991,4.397940009
GRAMPA492,1.602059991,4.397940009
GRAMPA493,2.146128036,3.853871964
GRAMPA494,0.698970004,5.301029996
GRAMPA495,0.669006781,5.330993219
GRAMPA496,1.301029996,4.698970004
GRAMPA497,1.602059991,4.397940009
GRAMPA498,0.397940009,5.602059991
GRAMPA499,1.602059991,4.397940009
GRAMPA500,0.398433558,5.601566442
GRAMPA501,1.0,5.0
GRAMPA502,1.248570124,4.751429876
GRAMPA503,0.495544338,5.504455662
GRAMPA504,1.274157849,4.725842151
GRAMPA505,1.113943352,4.886056648
GRAMPA506,0.301029996,5.698970004
GRAMPA507,0.301029996,5.698970004
GRAMPA508,1.488056526,4.511943474
GRAMPA509,1.397940009,4.602059991
GRAMPA510,0.556302501,5.443697499
GRAMPA511,1.096910013,4.903089987
GRAMPA512,1.84509804,4.15490196
GRAMPA513,0.424703786,5.575296214
GRAMPA514,1.806179974,4.193820026
GRAMPA515,0.875061263,5.124938737
GRAMPA516,1.098697885,4.901302115
GRAMPA518,1.0,5.0
GRAMPA519,1.397940009,4.602059991
GRAMPA520,1.397940009,4.602059991
GRAMPA521,1.522878745,4.477121255
GRAMPA522,1.529982483,4.470017517
GRAMPA523,0.491361694,5.508638306
GRAMPA524,0.477121255,5.522878745
GRAMPA525,1.222716471,4.777283529
GRAMPA526,1.103803721,4.896196279
GRAMPA527,1.509874285,4.490125715
GRAMPA530,0.632023215,5.367976785
GRAMPA531,0.477121255,5.522878745
GRAMPA532,0.973127854,5.026872146
GRAMPA533,1.0,5.0
GRAMPA534,0.782274918,5.217725082
GRAMPA535,0.875061263,5.124938737
GRAMPA536,1.517872518,4.482127482
GRAMPA537,1.788000754,4.211999246
GRAMPA538,2.393000622,3.606999378
GRAMPA539,0.62324929,5.37675071
GRAMPA540,0.77815125,5.22184875
GRAMPA541,0.897627091,5.102372909
GRAMPA542,0.788875116,5.211124884
GRAMPA543,0.67669361,5.32330639
GRAMPA544,0.278753601,5.721246399
GRAMPA545,1.091080469,4.908919531
GRAMPA546,0.756961951,5.243038049
GRAMPA547,2.301029996,3.698970004
GRAMPA548,0.795880017,5.204119983
GRAMPA549,2.129431306,3.870568694
GRAMPA550,0.616772114,5.383227886
GRAMPA552,0.397940009,5.602059991
GRAMPA553,2.079181246,3.920818754
GRAMPA554,1.208176921,4.791823079
GRAMPA555,0.795880017,5.204119983
GRAMPA556,0.608086824,5.391913176
GRAMPA557,1.403335041,4.596664959
GRAMPA558,0.977723605,5.022276395
GRAMPA559,0.903089987,5.096910013
GRAMPA560,1.079181246,4.920818754
GRAMPA561,1.056169428,4.943830572
GRAMPA562,2.176091259,3.823908741
GRAMPA563,0.979772441,5.020227559
GRAMPA564,0.637851065,5.362148935
GRAMPA565,0.59226113,5.40773887
GRAMPA566,0.176091259,5.823908741
GRAMPA567,-0.064693135,6.064693135
GRAMPA568,1.681241237,4.318758763
GRAMPA569,1.927890158,4.072109842
GRAMPA570,2.208502897,3.791497103
GRAMPA571,1.335533875,4.664466125
GRAMPA572,1.986603041,4.013396959
GRAMPA573,1.702085896,4.297914104
GRAMPA574,1.850402594,4.149597406
GRAMPA575,1.301029996,4.698970004
GRAMPA576,2.233666999,3.766333001
GRAMPA577,2.221050469,3.778949531
GRAMPA578,2.212192342,3.787807658
GRAMPA579,2.212459079,3.787540921
GRAMPA580,2.204033855,3.795966145
GRAMPA581,0.491361694,5.508638306
GRAMPA582,1.089684615,4.910315385
GRAMPA583,1.241253198,4.758746802
GRAMPA584,2.408239965,3.591760035
GRAMPA585,2.477121255,3.522878745
GRAMPA586,1.213074825,4.786925175
GRAMPA587,2.698970004,3.301029996
GRAMPA588,2.397940009,3.602059991
GRAMPA589,2.327744531,3.672255469
GRAMPA590,2.10720997,3.89279003
GRAMPA591,0.602059991,5.397940009
GRAMPA592,0.602059991,5.397940009
GRAMPA593,1.041392685,4.958607315
GRAMPA594,1.477121255,4.522878745
GRAMPA595,1.498310554,4.501689446
GRAMPA596,0.444565221,5.555434779
GRAMPA597,0.957447649,5.042552351
GRAMPA598,0.806632129,5.193367871
GRAMPA599,1.193820026,4.806179974
GRAMPA600,0.7981901,5.2018099
GRAMPA601,0.032057099,5.967942901
GRAMPA602,0.477121255,5.522878745
GRAMPA603,2.237759456,3.762240544
GRAMPA604,2.0,4.0
GRAMPA605,1.144735173,4.855264827
GRAMPA606,1.906084061,4.093915939
GRAMPA607,0.846036903,5.153963097
GRAMPA608,0.850606277,5.149393723
GRAMPA609,1.158362492,4.841637508
GRAMPA610,1.158362492,4.841637508
GRAMPA611,1.204119983,4.795880017
GRAMPA613,0.892094603,5.107905397
GRAMPA614,0.977723605,5.022276395
GRAMPA615,0.971971276,5.028028724
GRAMPA616,1.460208536,4.539791464
GRAMPA617,0.670941281,5.329058719
GRAMPA618,0.954242509,5.045757491
GRAMPA619,0.477121255,5.522878745
GRAMPA620,1.681241237,4.318758763
GRAMPA621,0.77815125,5.22184875
GRAMPA622,0.77815125,5.22184875
GRAMPA623,0.77815125,5.22184875
GRAMPA624,1.902875533,4.097124467
GRAMPA625,1.096910013,4.903089987
GRAMPA626,2.477121255,3.522878745
GRAMPA627,0.672097858,5.327902142
GRAMPA628,0.748188027,5.251811973
GRAMPA629,2.477121255,3.522878745
GRAMPA630,1.299818996,4.700181004
GRAMPA631,0.698970004,5.301029996
GRAMPA632,1.0,5.0
GRAMPA633,1.505149978,4.494850022
GRAMPA634,1.903089987,4.096910013
GRAMPA635,2.477121255,3.522878745
GRAMPA637,-0.34973146,6.34973146
GRAMPA638,1.374036408,4.625963592
GRAMPA639,0.602059991,5.397940009
GRAMPA640,1.302220212,4.697779788
GRAMPA641,1.477121255,4.522878745
GRAMPA642,1.761325425,4.238674575
GRAMPA643,0.70963328,5.29036672
GRAMPA644,1.697786165,4.302213835
GRAMPA645,2.247031938,3.752968062
GRAMPA646,2.181580169,3.818419831
GRAMPA647,1.587203923,4.412796077
GRAMPA648,0.850846749,5.149153251
GRAMPA650,0.826103265,5.173896735
GRAMPA651,1.722358773,4.277641227
GRAMPA652,0.301029996,5.698970004
GRAMPA653,0.908485019,5.091514981
GRAMPA654,2.0,4.0
GRAMPA655,1.589949601,4.410050399
GRAMPA656,2.079181246,3.920818754
GRAMPA657,1.77815125,4.22184875
GRAMPA658,1.477121255,4.522878745
GRAMPA659,1.096910013,4.903089987
GRAMPA660,1.397940009,4.602059991
GRAMPA661,0.795880017,5.204119983
GRAMPA662,1.698970004,4.301029996
GRAMPA664,1.997724881,4.002275119
GRAMPA665,1.64517004,4.35482996
GRAMPA666,2.0,4.0
GRAMPA667,1.0,5.0
GRAMPA669,1.264185151,4.735814849
GRAMPA670,0.77815125,5.22184875
GRAMPA671,0.924308038,5.075691962
GRAMPA672,1.096910013,4.903089987
GRAMPA673,1.806179974,4.193820026
GRAMPA674,1.171334407,4.828665593
GRAMPA675,1.12640416,4.87359584
GRAMPA677,2.0,4.0
GRAMPA679,2.0,4.0
GRAMPA680,1.447158031,4.552841969
GRAMPA685,2.63748973,3.36251027
GRAMPA686,0.477121255,5.522878745
GRAMPA687,0.982271233,5.017728767
GRAMPA688,1.176091259,4.823908741
GRAMPA692,0.577049239,5.422950761
GRAMPA695,1.551754873,4.448245127
GRAMPA696,1.037426498,4.962573502
GRAMPA697,0.672097858,5.327902142
GRAMPA698,0.633468456,5.366531544
GRAMPA699,1.139879086,4.860120914
GRAMPA700,0.832508913,5.167491087
GRAMPA701,1.830652814,4.169347186
GRAMPA702,1.725298943,4.274701057
GRAMPA703,1.920818754,4.079181246
GRAMPA704,2.301029996,3.698970004
GRAMPA705,1.920818754,4.079181246
GRAMPA706,1.397940009,4.602059991
GRAMPA708,1.782950133,4.217049867
GRAMPA709,1.698970004,4.301029996
GRAMPA710,1.840835588,4.159164412
GRAMPA711,0.204119983,5.795880017
GRAMPA712,0.492760389,5.507239611
GRAMPA713,1.726026326,4.273973674
GRAMPA714,0.229727569,5.770272431
GRAMPA715,1.002144011,4.997855989
GRAMPA716,0.922597206,5.077402794
GRAMPA717,1.983219354,4.016780646
GRAMPA718,2.0,4.0
GRAMPA719,1.903089987,4.096910013
GRAMPA720,1.816597268,4.183402732
GRAMPA721,0.477121255,5.522878745
GRAMPA722,1.301029996,4.698970004
GRAMPA724,1.146128036,4.853871964
GRAMPA725,0.770852012,5.229147988
GRAMPA727,0.671289823,5.328710177
GRAMPA731,0.405362634,5.594637366
GRAMPA732,1.880813592,4.119186408
GRAMPA733,0.602059991,5.397940009
GRAMPA734,0.982271233,5.017728767
GRAMPA735,1.579783597,4.420216403
GRAMPA736,1.875061263,4.124938737
GRAMPA739,1.86332286,4.13667714
GRAMPA740,1.880813592,4.119186408
GRAMPA741,1.698970004,4.301029996
GRAMPA742,2.301029996,3.698970004
GRAMPA743,2.06400391,3.93599609
GRAMPA744,1.371945955,4.628054045
GRAMPA746,1.903089987,4.096910013
GRAMPA747,2.024992317,3.975007683
GRAMPA749,1.113943352,4.886056648
GRAMPA750,2.574226373,3.425773627
GRAMPA751,0.727888502,5.272111498
GRAMPA752,0.0,6.0
GRAMPA753,0.301029996,5.698970004
GRAMPA754,1.583838429,4.416161571
GRAMPA756,1.096910013,4.903089987
GRAMPA757,0.698970004,5.301029996
GRAMPA758,1.096910013,4.903089987
GRAMPA759,0.698970004,5.301029996
GRAMPA760,1.301029996,4.698970004
GRAMPA761,0.698970004,5.301029996
GRAMPA762,1.0,5.0
GRAMPA763,1.0,5.0
GRAMPA764,1.0,5.0
GRAMPA765,1.301029996,4.698970004
GRAMPA766,1.0,5.0
GRAMPA767,1.477121255,4.522878745
GRAMPA768,1.698970004,4.301029996
GRAMPA769,1.0,5.0
GRAMPA770,1.0,5.0
GRAMPA771,1.505149978,4.494850022
GRAMPA772,1.0,5.0
GRAMPA773,1.0,5.0
GRAMPA774,1.806179974,4.193820026
GRAMPA775,1.531478917,4.468521083
GRAMPA776,1.176091259,4.823908741
GRAMPA777,1.698970004,4.301029996
GRAMPA778,1.698970004,4.301029996
GRAMPA779,1.151455931,4.848544069
GRAMPA780,0.698970004,5.301029996
GRAMPA781,0.602503672,5.397496328
GRAMPA783,0.603127836,5.396872164
GRAMPA784,1.614595872,4.385404128
GRAMPA785,1.204119983,4.795880017
GRAMPA786,0.932765995,5.067234005
GRAMPA787,0.685877478,5.314122522
GRAMPA788,-0.558710188,6.558710188
GRAMPA789,1.130333768,4.869666232
GRAMPA790,1.401540339,4.598459661
GRAMPA791,1.217483944,4.782516056
GRAMPA794,1.301029996,4.698970004
GRAMPA797,2.0,4.0
GRAMPA798,1.204119983,4.795880017
GRAMPA805,1.397940009,4.602059991
GRAMPA808,1.322219295,4.677780705
GRAMPA809,1.774516966,4.225483034
GRAMPA810,1.0,5.0
GRAMPA811,0.342422681,5.657577319
GRAMPA812,0.698970004,5.301029996
GRAMPA813,1.0,5.0
GRAMPA814,1.096910013,4.903089987
GRAMPA815,1.397940009,4.602059991
GRAMPA816,1.397940009,4.602059991
GRAMPA817,1.698970004,4.301029996
GRAMPA818,0.903089987,5.096910013
GRAMPA819,0.826571847,5.173428153
GRAMPA821,0.795880017,5.204119983
GRAMPA824,1.102090526,4.897909474
GRAMPA826,2.0,4.0
GRAMPA827,2.569474343,3.430525657
GRAMPA828,1.636487896,4.363512104
GRAMPA829,1.410347054,4.589652946
GRAMPA830,1.459012698,4.540987302
GRAMPA831,2.0,4.0
GRAMPA833,1.73225517,4.26774483
GRAMPA834,2.71545756,3.28454244
GRAMPA835,2.699285525,3.300714475
GRAMPA836,0.787631605,5.212368395
GRAMPA837,0.758004733,5.241995267
GRAMPA838,2.125085155,3.874914845
GRAMPA840,0.982726996,5.017273004
GRAMPA841,1.556302501,4.443697499
GRAMPA842,0.451544993,5.548455007
GRAMPA843,1.423245874,4.576754126
GRAMPA844,1.505149978,4.494850022
GRAMPA846,2.0,4.0
GRAMPA847,1.451786436,4.548213564
GRAMPA848,1.301029996,4.698970004
GRAMPA850,1.096910013,4.903089987
GRAMPA853,0.806179974,5.193820026
GRAMPA854,1.027757205,4.972242795
GRAMPA855,1.086359831,4.913640169
GRAMPA856,1.139879086,4.860120914
GRAMPA858,1.033423755,4.966576245
GRAMPA859,1.431363764,4.568636236
GRAMPA860,1.004321374,4.995678626
GRAMPA861,0.72427587,5.27572413
GRAMPA862,1.397940009,4.602059991
GRAMPA863,1.367355921,4.632644079
GRAMPA864,0.672097858,5.327902142
GRAMPA865,1.522878745,4.477121255
GRAMPA866,0.602059991,5.397940009
GRAMPA867,2.0,4.0
GRAMPA868,1.812519411,4.187480589
GRAMPA869,1.533519064,4.466480936
GRAMPA870,1.677897156,4.322102844
GRAMPA871,2.0,4.0
GRAMPA872,1.393142113,4.606857887
GRAMPA873,1.167954573,4.832045427
GRAMPA874,1.15385756,4.84614244
GRAMPA875,1.153593332,4.846406668
GRAMPA876,2.317796274,3.682203726
GRAMPA877,1.075499778,4.924500222
GRAMPA878,1.358483999,4.641516001
GRAMPA879,2.545278225,3.454721775
GRAMPA880,1.201502911,4.798497089
GRAMPA881,0.863526475,5.136473525
GRAMPA882,0.944092145,5.055907855
GRAMPA883,1.486787675,4.513212325
GRAMPA884,1.744948841,4.255051159
GRAMPA885,1.185968961,4.814031039
GRAMPA886,1.18978482,4.81021518
GRAMPA887,1.843868762,4.156131238
GRAMPA888,1.45865384,4.54134616
GRAMPA889,1.451219488,4.548780512
GRAMPA890,1.74541676,4.25458324
GRAMPA891,1.481494009,4.518505991
GRAMPA892,1.189511122,4.810488878
GRAMPA893,1.18575768,4.81424232
GRAMPA894,1.18575768,4.81424232
GRAMPA895,1.40444324,4.59555676
GRAMPA896,1.722987771,4.277012229
GRAMPA897,1.529372116,4.470627884
GRAMPA898,0.788984303,5.211015697
GRAMPA899,1.701727581,4.298272419
GRAMPA900,1.80719311,4.19280689
GRAMPA902,3.112152958,2.887847042
GRAMPA903,2.867707064,3.132292936
GRAMPA904,0.491361694,5.508638306
GRAMPA905,0.491361694,5.508638306
GRAMPA906,3.002445708,2.997554292
GRAMPA907,1.193832458,4.806167542
GRAMPA908,1.783835444,4.216164556
GRAMPA909,2.302547313,3.697452687
GRAMPA910,1.362543607,4.637456393
GRAMPA911,1.646088365,4.353911635
GRAMPA912,1.629279944,4.370720056
GRAMPA913,1.803030067,4.196969933
GRAMPA914,1.131753784,4.868246216
GRAMPA915,1.741321373,4.258678627
GRAMPA917,1.096910013,4.903089987
GRAMPA918,3.015031128,2.984968872
GRAMPA919,1.787817671,4.212182329
GRAMPA920,1.15853853,4.84146147
GRAMPA921,1.806179974,4.193820026
GRAMPA922,1.806179974,4.193820026
GRAMPA923,1.392538523,4.607461477
GRAMPA924,0.602059991,5.397940009
GRAMPA925,0.903089987,5.096910013
GRAMPA926,0.602059991,5.397940009
GRAMPA927,1.325738213,4.674261787
GRAMPA928,1.202344433,4.797655567
GRAMPA929,2.397940009,3.602059991
GRAMPA930,1.026647335,4.973352665
GRAMPA931,1.440721822,4.559278178
GRAMPA932,0.655732399,5.344267601
GRAMPA933,1.070216618,4.929783382
GRAMPA934,0.528502064,5.471497936
GRAMPA935,1.903089987,4.096910013
GRAMPA936,1.903089987,4.096910013
GRAMPA937,1.806179974,4.193820026
GRAMPA938,0.189650158,5.810349842
GRAMPA939,1.029485795,4.970514205
GRAMPA940,0.36361198,5.63638802
GRAMPA941,0.488959636,5.511040364
GRAMPA942,1.074697259,4.925302741
GRAMPA943,0.66018923,5.33981077
GRAMPA944,2.0,4.0
GRAMPA945,1.875061263,4.124938737
GRAMPA946,1.096910013,4.903089987
GRAMPA947,0.452297671,5.547702329
GRAMPA948,0.784141614,5.215858386
GRAMPA949,0.110113488,5.889886512
GRAMPA950,1.665210745,4.334789255
GRAMPA951,1.301029996,4.698970004
GRAMPA952,1.301029996,4.698970004
GRAMPA953,1.698970004,4.301029996
GRAMPA955,1.602059991,4.397940009
GRAMPA959,2.408239965,3.591760035
GRAMPA964,0.444385121,5.555614879
GRAMPA968,1.806179974,4.193820026
GRAMPA970,0.477121255,5.522878745
GRAMPA971,0.477121255,5.522878745
GRAMPA972,1.371708199,4.628291801
GRAMPA973,0.792391689,5.207608311
GRAMPA974,0.477121255,5.522878745
GRAMPA975,0.477121255,5.522878745
GRAMPA976,1.835690571,4.164309429
GRAMPA977,1.397940009,4.602059991
GRAMPA978,1.592597452,4.407402548
GRAMPA979,0.970867536,5.029132464
GRAMPA985,0.77815125,5.22184875
GRAMPA986,1.473341366,4.526658634
GRAMPA988,1.792585885,4.207414115
GRAMPA989,0.77815125,5.22184875
GRAMPA990,1.566519324,4.433480676
GRAMPA991,1.529615921,4.470384079
GRAMPA992,0.852144895,5.147855105
GRAMPA994,1.07922747,4.92077253
GRAMPA999,1.394098624,4.605901376
GRAMPA1001,1.615879575,4.384120425
GRAMPA1002,1.280775755,4.719224245
GRAMPA1003,0.508780246,5.491219754
GRAMPA1005,1.106531036,4.893468964
GRAMPA1008,0.193124598,5.806875402
GRAMPA1009,1.104602008,4.895397992
GRAMPA1010,1.19595075,4.80404925
GRAMPA1011,0.56427143,5.43572857
GRAMPA1012,0.494154594,5.505845406
GRAMPA1014,1.58500928,4.41499072
GRAMPA1015,1.584514687,4.415485313
GRAMPA1016,1.596361398,4.403638602
GRAMPA1017,0.992247,5.007753
GRAMPA1018,0.240673818,5.759326182
GRAMPA1019,1.589032646,4.410967354
GRAMPA1020,0.361727836,5.638272164
GRAMPA1021,0.980972637,5.019027363
GRAMPA1022,1.610311233,4.389688767
GRAMPA1023,1.661225034,4.338774966
GRAMPA1033,1.505149978,4.494850022
GRAMPA1035,1.602059991,4.397940009
GRAMPA1036,1.806179974,4.193820026
GRAMPA1037,1.505149978,4.494850022
GRAMPA1038,1.602059991,4.397940009
GRAMPA1041,0.894527815,5.105472185
GRAMPA1042,1.352888767,4.647111233
GRAMPA1044,0.196964383,5.803035617
GRAMPA1045,0.193292486,5.806707514
GRAMPA1046,0.494328866,5.505671134
GRAMPA1048,1.726551104,4.273448896
GRAMPA1049,0.916853057,5.083146943
GRAMPA1050,2.15044021,3.84955979
GRAMPA1051,2.973127854,3.026872146
GRAMPA1052,-0.149984057,6.149984057
GRAMPA1053,1.146128036,4.853871964
GRAMPA1054,0.65361289,5.34638711
GRAMPA1055,0.477121255,5.522878745
GRAMPA1056,0.301029996,5.698970004
GRAMPA1058,0.903089987,5.096910013
GRAMPA1059,0.602059991,5.397940009
GRAMPA1060,1.680516809,4.319483191
GRAMPA1061,1.806179974,4.193820026
GRAMPA1062,1.505149978,4.494850022
GRAMPA1063,1.423844618,4.576155382
GRAMPA1065,0.829573566,5.170426434
GRAMPA1066,1.175454279,4.824545721
GRAMPA1067,2.226734644,3.773265356
GRAMPA1068,1.182384731,4.817615269
GRAMPA1069,1.620915675,4.379084325
GRAMPA1070,1.096910013,4.903089987
GRAMPA1071,1.096910013,4.903089987
GRAMPA1072,0.795880017,5.204119983
GRAMPA1073,1.619828534,4.380171466
GRAMPA1074,1.617482474,4.382517526
GRAMPA1076,2.0,4.0
GRAMPA1079,0.431363764,5.568636236
GRAMPA1080,1.458611969,4.541388031
GRAMPA1081,1.698970004,4.301029996
GRAMPA1082,1.903089987,4.096910013
GRAMPA1083,2.0,4.0
GRAMPA1085,1.574031268,4.425968732
GRAMPA1086,1.544068044,4.455931956
GRAMPA1087,0.568201724,5.431798276
GRAMPA1088,0.544068044,5.455931956
GRAMPA1089,1.234264124,4.765735876
GRAMPA1090,2.301029996,3.698970004
GRAMPA1091,1.903089987,4.096910013
GRAMPA1094,0.924279286,5.075720714
GRAMPA1095,1.176091259,4.823908741
GRAMPA1096,1.875061263,4.124938737
GRAMPA1097,2.0,4.0
GRAMPA1098,1.190331698,4.809668302
GRAMPA1099,1.198657087,4.801342913
GRAMPA1100,1.487986331,4.512013669
GRAMPA1101,0.963787827,5.036212173
GRAMPA1102,2.0,4.0
GRAMPA1103,2.0,4.0
GRAMPA1104,2.0,4.0
GRAMPA1105,2.0,4.0
GRAMPA1106,1.301029996,4.698970004
GRAMPA1107,1.301029996,4.698970004
GRAMPA1108,1.301029996,4.698970004
GRAMPA1109,1.301029996,4.698970004
GRAMPA1111,2.10720997,3.89279003
GRAMPA1112,1.669006781,4.330993219
GRAMPA1117,1.834871346,4.165128654
GRAMPA1120,1.657848051,4.342151949
GRAMPA1121,0.602059991,5.397940009
GRAMPA1122,0.726998728,5.273001272
GRAMPA1123,2.0,4.0
GRAMPA1124,2.0,4.0
GRAMPA1125,2.204119983,3.795880017
GRAMPA1126,1.602059991,4.397940009
GRAMPA1127,1.0,5.0
GRAMPA1128,0.397940009,5.602059991
GRAMPA1129,1.602059991,4.397940009
GRAMPA1130,1.602059991,4.397940009
GRAMPA1131,1.301029996,4.698970004
GRAMPA1132,0.481963504,5.518036496
GRAMPA1133,0.602059991,5.397940009
GRAMPA1134,0.836324116,5.163675884
GRAMPA1135,1.70674271,4.29325729
GRAMPA1136,1.91780585,4.08219415
GRAMPA1137,2.0,4.0
GRAMPA1138,1.880813592,4.119186408
GRAMPA1144,0.602059991,5.397940009
GRAMPA1145,0.301029996,5.698970004
GRAMPA1146,1.448270046,4.551729954
GRAMPA1148,2.0,4.0
GRAMPA1149,1.146498178,4.853501822
GRAMPA1150,1.13591571,4.86408429
GRAMPA1151,1.147973104,4.852026896
GRAMPA1153,1.096910013,4.903089987
GRAMPA1154,1.607455023,4.392544977
GRAMPA1155,1.164352856,4.835647144
GRAMPA1156,1.698970004,4.301029996
GRAMPA1157,0.632205502,5.367794498
GRAMPA1159,0.633468456,5.366531544
GRAMPA1160,0.624485763,5.375514237
GRAMPA1161,2.075065142,3.924934858
GRAMPA1163,2.0,4.0
GRAMPA1164,2.0,4.0
GRAMPA1165,2.0,4.0
GRAMPA1168,1.765916794,4.234083206
GRAMPA1179,2.0,4.0
GRAMPA1181,1.875061263,4.124938737
GRAMPA1182,1.765916794,4.234083206
GRAMPA1184,1.765916794,4.234083206
GRAMPA1185,1.619788758,4.380211242
GRAMPA1186,1.029599212,4.970400788
GRAMPA1187,2.0,4.0
GRAMPA1188,0.804480189,5.195519811
GRAMPA1189,1.703291378,4.296708622
GRAMPA1190,2.439332694,3.560667306
GRAMPA1191,0.903089987,5.096910013
GRAMPA1192,0.903089987,5.096910013
GRAMPA1193,0.602059991,5.397940009
GRAMPA1194,1.204119983,4.795880017
GRAMPA1195,0.903089987,5.096910013
GRAMPA1196,0.301029996,5.698970004
GRAMPA1197,0.301029996,5.698970004
GRAMPA1198,0.602059991,5.397940009
GRAMPA1199,0.602059991,5.397940009
GRAMPA1200,0.903089987,5.096910013
GRAMPA1201,0.602059991,5.397940009
GRAMPA1202,0.984835677,5.015164323
GRAMPA1203,1.840819136,4.159180864
GRAMPA1204,1.903089987,4.096910013
GRAMPA1205,2.0,4.0
GRAMPA1206,2.069292536,3.930707464
GRAMPA1207,1.698970004,4.301029996
GRAMPA1208,1.698970004,4.301029996
GRAMPA1210,2.408239965,3.591760035
GRAMPA1211,1.698970004,4.301029996
GRAMPA1212,1.204119983,4.795880017
GRAMPA1213,1.204119983,4.795880017
GRAMPA1215,1.763427994,4.236572006
GRAMPA1216,0.884370488,5.115629512
GRAMPA1217,1.063439215,4.936560785
GRAMPA1218,0.747855444,5.252144556
GRAMPA1219,1.451577412,4.548422588
GRAMPA1220,0.812196408,5.187803592
GRAMPA1221,0.805316535,5.194683465
GRAMPA1222,2.301029996,3.698970004
GRAMPA1223,1.365388277,4.634611723
GRAMPA1226,1.204119983,4.795880017
GRAMPA1227,2.0,4.0
GRAMPA1228,0.340248022,5.659751978
GRAMPA1229,0.178287531,5.821712469
GRAMPA1230,0.483282568,5.516717432
GRAMPA1231,1.021390424,4.978609576
GRAMPA1241,2.10720997,3.89279003
GRAMPA1243,0.99804606,5.00195394
GRAMPA1245,2.644240081,3.355759919
GRAMPA1246,1.493289027,4.506710973
GRAMPA1247,1.583198774,4.416801226
GRAMPA1248,1.591263018,4.408736982
GRAMPA1249,2.257678575,3.742321425
GRAMPA1250,1.644176107,4.355823893
GRAMPA1251,1.447006622,4.552993378
GRAMPA1252,2.096910013,3.903089987
GRAMPA1253,0.301029996,5.698970004
GRAMPA1254,1.669889714,4.330110286
GRAMPA1255,1.204119983,4.795880017
GRAMPA1256,0.903089987,5.096910013
GRAMPA1257,-2.22184875,8.22184875
GRAMPA1258,2.892651034,3.107348966
GRAMPA1259,3.096910013,2.903089987
GRAMPA1260,1.84509804,4.15490196
GRAMPA1261,1.860338007,4.139661993
GRAMPA1263,0.301029996,5.698970004
GRAMPA1264,1.332657984,4.667342016
GRAMPA1265,0.903089987,5.096910013
GRAMPA1266,1.545694126,4.454305874
GRAMPA1267,1.105084849,4.894915151
GRAMPA1268,0.602059991,5.397940009
GRAMPA1269,1.150514998,4.849485002
GRAMPA1270,0.650464499,5.349535501
GRAMPA1271,0.602059991,5.397940009
GRAMPA1272,2.574226373,3.425773627
GRAMPA1273,0.602059991,5.397940009
GRAMPA1274,0.301029996,5.698970004
GRAMPA1275,0.602059991,5.397940009
GRAMPA1276,0.602059991,5.397940009
GRAMPA1278,0.602059991,5.397940009
GRAMPA1279,0.903089987,5.096910013
GRAMPA1280,0.568201724,5.431798276
GRAMPA1281,3.397940009,2.602059991
GRAMPA1282,3.273001272,2.726998728
GRAMPA1283,1.204119983,4.795880017
GRAMPA1284,1.079181246,4.920818754
GRAMPA1285,2.203304916,3.796695084
GRAMPA1286,2.206842185,3.793157815
GRAMPA1287,0.477121255,5.522878745
GRAMPA1288,0.322219295,5.677780705
GRAMPA1289,1.578855434,4.421144566
GRAMPA1290,1.83659646,4.16340354
GRAMPA1291,0.77815125,5.22184875
GRAMPA1292,2.682203295,3.317796705
GRAMPA1293,1.342422681,4.657577319
GRAMPA1294,1.204119983,4.795880017
GRAMPA1295,0.477121255,5.522878745
GRAMPA1296,0.672097858,5.327902142
GRAMPA1297,3.096910013,2.903089987
GRAMPA1298,1.629564057,4.370435943
GRAMPA1299,3.235212711,2.764787289
GRAMPA1300,3.193820026,2.806179974
GRAMPA1301,3.140272214,2.859727786
GRAMPA1302,3.038918066,2.961081934
GRAMPA1303,3.397940009,2.602059991
GRAMPA1304,3.397940009,2.602059991
GRAMPA1305,3.038918066,2.961081934
GRAMPA1306,1.771142527,4.228857473
GRAMPA1307,2.698970004,3.301029996
GRAMPA1308,2.698970004,3.301029996
GRAMPA1310,0.795880017,5.204119983
GRAMPA1311,0.698970004,5.301029996
GRAMPA1312,1.096910013,4.903089987
GRAMPA1313,0.698970004,5.301029996
GRAMPA1314,1.096910013,4.903089987
GRAMPA1315,0.494154594,5.505845406
GRAMPA1316,0.494154594,5.505845406
GRAMPA1317,0.892651034,5.107348966
GRAMPA1318,0.846955325,5.153044675
GRAMPA1319,0.397940009,5.602059991
GRAMPA1320,0.397940009,5.602059991
GRAMPA1321,0.397940009,5.602059991
GRAMPA1322,0.397940009,5.602059991
GRAMPA1323,1.357259682,4.642740318
GRAMPA1324,3.13876514,2.86123486
GRAMPA1325,2.975129472,3.024870528
GRAMPA1326,0.193124598,5.806875402
GRAMPA1328,2.566327247,3.433672753
GRAMPA1329,3.397940009,2.602059991
GRAMPA1330,1.626568568,4.373431432
GRAMPA1331,1.337333977,4.662666023
GRAMPA1332,0.889301703,5.110698297
GRAMPA1334,0.432131754,5.567868246
GRAMPA1335,1.470374509,4.529625491
GRAMPA1336,1.345363738,4.654636262
GRAMPA1337,0.302020352,5.697979648
GRAMPA1338,1.870451792,4.129548208
GRAMPA1339,1.285557309,4.714442691
GRAMPA1340,2.10720997,3.89279003
GRAMPA1341,1.852736065,4.147263935
GRAMPA1342,1.293930953,4.706069047
GRAMPA1343,1.847813788,4.152186212
GRAMPA1345,2.0,4.0
GRAMPA1348,1.822530684,4.177469316
GRAMPA1350,1.358814885,4.641185115
GRAMPA1351,0.0,6.0
GRAMPA1352,0.06694679,5.93305321
GRAMPA1354,1.531478917,4.468521083
GRAMPA1356,1.505149978,4.494850022
GRAMPA1358,0.698970004,5.301029996
GRAMPA1360,1.52177256,4.47822744
GRAMPA1362,1.697353186,4.302646814
GRAMPA1363,0.67753319,5.32246681
GRAMPA1364,0.485649462,5.514350538
GRAMPA1365,0.367015037,5.632984963
GRAMPA1366,1.706999154,4.293000846
GRAMPA1367,1.700837746,4.299162254
GRAMPA1368,1.707435755,4.292564245
GRAMPA1369,1.778591083,4.221408917
GRAMPA1370,0.711258115,5.288741885
GRAMPA1371,0.682678565,5.317321435
GRAMPA1372,1.809974545,4.190025455
GRAMPA1373,2.113943352,3.886056648
GRAMPA1374,1.794265628,4.205734372
GRAMPA1375,1.694348426,4.305651574
GRAMPA1376,0.007761654,5.992238346
GRAMPA1377,1.092679517,4.907320483
GRAMPA1378,1.082468374,4.917531626
GRAMPA1379,2.408239965,3.591760035
GRAMPA1380,2.408239965,3.591760035
GRAMPA1381,2.408239965,3.591760035
GRAMPA1382,0.929895423,5.070104577
GRAMPA1383,0.903089987,5.096910013
GRAMPA1384,0.404639709,5.595360291
GRAMPA1385,0.411543093,5.588456907
GRAMPA1386,0.562353731,5.437646269
GRAMPA1387,0.795880017,5.204119983
GRAMPA1388,2.0,4.0
GRAMPA1389,2.0,4.0
GRAMPA1390,2.0,4.0
GRAMPA1391,1.831443159,4.168556841
GRAMPA1392,1.612783857,4.387216143
GRAMPA1393,1.096910013,4.903089987
GRAMPA1394,0.542737367,5.457262633
GRAMPA1395,0.560821014,5.439178986
GRAMPA1396,0.307457767,5.692542233
GRAMPA1397,0.490781316,5.509218684
GRAMPA1398,0.791811312,5.208188688
GRAMPA1399,0.249744365,5.750255635
GRAMPA1400,0.232093623,5.767906377
GRAMPA1401,0.775954361,5.224045639
GRAMPA1402,0.76116222,5.23883778
GRAMPA1403,0.260485334,5.739514666
GRAMPA1404,-0.070326116,6.070326116
GRAMPA1405,0.411543093,5.588456907
GRAMPA1406,0.445827354,5.554172646
GRAMPA1407,0.246057509,5.753942491
GRAMPA1408,0.550080045,5.449919955
GRAMPA1409,-0.070326116,6.070326116
GRAMPA1410,1.076495561,4.923504439
GRAMPA1411,0.546393189,5.453606811
GRAMPA1412,1.152140037,4.847859963
GRAMPA1413,0.245566125,5.754433875
GRAMPA1414,-0.070326116,6.070326116
GRAMPA1415,0.537918332,5.462081668
GRAMPA1416,0.411543093,5.588456907
GRAMPA1417,1.649718708,4.350281292
GRAMPA1418,0.232093623,5.767906377
GRAMPA1419,0.352182518,5.647817482
GRAMPA1420,0.537918332,5.462081668
GRAMPA1421,-0.15490196,6.15490196
GRAMPA1422,1.14458121,4.85541879
GRAMPA1423,-0.15490196,6.15490196
GRAMPA1425,0.918940279,5.081059721
GRAMPA1426,1.832508913,4.167491087
GRAMPA1427,1.832508913,4.167491087
GRAMPA1428,1.505149978,4.494850022
GRAMPA1430,1.191752527,4.808247473
GRAMPA1432,0.290463409,5.709536591
GRAMPA1433,0.929153575,5.070846425
GRAMPA1436,1.823224222,4.176775778
GRAMPA1437,0.748852809,5.251147191
GRAMPA1438,2.0,4.0
GRAMPA1439,0.665111737,5.334888263
GRAMPA1440,1.400607435,4.599392565
GRAMPA1441,0.287313505,5.712686495
GRAMPA1442,2.301029996,3.698970004
GRAMPA1444,0.375925357,5.624074643
GRAMPA1445,0.396218513,5.603781487
GRAMPA1446,1.411619706,4.588380294
GRAMPA1447,1.071882007,4.928117993
GRAMPA1448,1.698970004,4.301029996
GRAMPA1449,0.892094603,5.107905397
GRAMPA1450,0.253138515,5.746861485
GRAMPA1451,1.432425505,4.567574495
GRAMPA1453,1.190331698,4.809668302
GRAMPA1455,2.301029996,3.698970004
GRAMPA1456,1.698970004,4.301029996
GRAMPA1457,0.954242509,5.045757491
GRAMPA1458,3.307763378,2.692236622
GRAMPA1459,2.000046673,3.999953327
GRAMPA1460,1.605538541,4.394461459
GRAMPA1461,1.136449306,4.863550694
GRAMPA1462,1.505149978,4.494850022
GRAMPA1463,0.602059991,5.397940009
GRAMPA1465,3.038918066,2.961081934
GRAMPA1467,1.112758351,4.887241649
GRAMPA1468,0.128960768,5.871039232
GRAMPA1469,1.716844782,4.283155218
GRAMPA1470,2.350032966,3.649967034
GRAMPA1471,1.602059991,4.397940009
GRAMPA1472,1.301029996,4.698970004
GRAMPA1474,1.0,5.0
GRAMPA1475,-1.546435043,7.546435043
GRAMPA1476,0.77815125,5.22184875
GRAMPA1477,1.822484993,4.177515007
GRAMPA1479,0.667919685,5.332080315
GRAMPA1480,0.602059991,5.397940009
GRAMPA1481,0.0,6.0
GRAMPA1482,0.903089987,5.096910013
GRAMPA1483,0.602059991,5.397940009
GRAMPA1485,0.889727057,5.110272943
GRAMPA1486,1.763950121,4.236049879
GRAMPA1487,2.307392923,3.692607077
GRAMPA1488,2.0,4.0
GRAMPA1490,2.574226373,3.425773627
GRAMPA1491,0.301029996,5.698970004
GRAMPA1492,0.176091259,5.823908741
GRAMPA1493,0.176091259,5.823908741
GRAMPA1494,0.176091259,5.823908741
GRAMPA1495,1.348304863,4.651695137
GRAMPA1496,1.403753832,4.596246168
GRAMPA1497,1.789035152,4.210964848
GRAMPA1498,1.743447987,4.256552013
GRAMPA1499,1.743447987,4.256552013
GRAMPA1500,1.821664067,4.178335933
GRAMPA1502,0.620339576,5.379660424
GRAMPA1503,0.512748884,5.487251116
GRAMPA1505,2.260007667,3.739992333
GRAMPA1507,0.759667845,5.240332155
GRAMPA1508,0.079181246,5.920818754
GRAMPA1510,0.193124598,5.806875402
GRAMPA1511,2.565081528,3.434918472
GRAMPA1512,0.602059991,5.397940009
GRAMPA1513,0.72359276,5.27640724
GRAMPA1514,0.736990521,5.263009479
GRAMPA1516,1.096910013,4.903089987
GRAMPA1517,1.602059991,4.397940009
GRAMPA1518,1.907102586,4.092897414
GRAMPA1519,0.406473199,5.593526801
GRAMPA1520,1.633466872,4.366533128
GRAMPA1521,0.922107588,5.077892412
GRAMPA1522,3.038918066,2.961081934
GRAMPA1523,0.662757832,5.337242168
GRAMPA1525,0.53780246,5.46219754
GRAMPA1526,2.267810775,3.732189225
GRAMPA1534,2.22498832,3.77501168
GRAMPA1535,2.175454297,3.824545703
GRAMPA1538,0.941043788,5.058956212
GRAMPA1540,1.486884774,4.513115226
GRAMPA1541,0.243038049,5.756961951
GRAMPA1542,0.051152522,5.948847478
GRAMPA1543,0.602059991,5.397940009
GRAMPA1544,2.124162541,3.875837459
GRAMPA1545,0.619012563,5.380987437
GRAMPA1546,2.124162541,3.875837459
GRAMPA1547,2.204119983,3.795880017
GRAMPA1550,0.414352161,5.585647839
GRAMPA1551,0.920042559,5.079957441
GRAMPA1552,1.508716858,4.491283142
GRAMPA1553,0.301029996,5.698970004
GRAMPA1554,1.12764463,4.87235537
GRAMPA1555,0.73329011,5.26670989
GRAMPA1556,2.008023006,3.991976994
GRAMPA1557,2.060747447,3.939252553
GRAMPA1558,1.902656891,4.097343109
GRAMPA1559,1.784445316,4.215554684
GRAMPA1560,2.178527132,3.821472868
GRAMPA1561,1.322219295,4.677780705
GRAMPA1562,2.133085123,3.866914877
GRAMPA1563,2.183677614,3.816322386
GRAMPA1564,2.043140005,3.956859995
GRAMPA1565,1.817344754,4.182655246
GRAMPA1566,2.408239965,3.591760035
GRAMPA1567,2.408239965,3.591760035
GRAMPA1568,1.141002511,4.858997489
GRAMPA1571,1.750508395,4.249491605
GRAMPA1572,1.305351369,4.694648631
GRAMPA1574,2.258473402,3.741526598
GRAMPA1575,2.903089987,3.096910013
GRAMPA1576,2.569474343,3.430525657
GRAMPA1577,0.899917622,5.100082378
GRAMPA1578,2.260007667,3.739992333
GRAMPA1579,0.974982438,5.025017562
GRAMPA1580,0.403977157,5.596022843
GRAMPA1581,2.397904512,3.602095488
GRAMPA1582,0.239042066,5.760957934
GRAMPA1583,2.124162541,3.875837459
GRAMPA1584,2.278322708,3.721677292
GRAMPA1585,2.02209509,3.97790491
GRAMPA1586,1.718735691,4.281264309
GRAMPA1591,0.777260046,5.222739954
GRAMPA1592,0.0,6.0
GRAMPA1593,0.301029996,5.698970004
GRAMPA1595,1.698970004,4.301029996
GRAMPA1596,0.356046307,5.643953693
GRAMPA1598,0.281990909,5.718009091
GRAMPA1599,1.828464744,4.171535256
GRAMPA1600,0.874382876,5.125617124
GRAMPA1601,2.564227248,3.435772752
GRAMPA1602,2.568717151,3.431282849
GRAMPA1603,2.546415812,3.453584188
GRAMPA1605,0.669481554,5.330518446
GRAMPA1606,1.588142153,4.411857847
GRAMPA1609,1.383353214,4.616646786
GRAMPA1610,1.301029996,4.698970004
GRAMPA1611,0.248451563,5.751548437
GRAMPA1613,0.593498388,5.406501612
GRAMPA1614,0.05927812,5.94072188
GRAMPA1615,0.478041352,5.521958648
GRAMPA1616,1.260071388,4.739928612
GRAMPA1617,1.204119983,4.795880017
GRAMPA1618,1.123851641,4.876148359
GRAMPA1619,1.380211242,4.619788758
GRAMPA1620,0.301029996,5.698970004
GRAMPA1621,1.732084959,4.267915041
GRAMPA1622,0.861416416,5.138583584
GRAMPA1623,0.2959122,5.7040878
GRAMPA1624,1.574031268,4.425968732
GRAMPA1625,0.602059991,5.397940009
GRAMPA1626,0.301029996,5.698970004
GRAMPA1627,0.602059991,5.397940009
GRAMPA1628,0.301029996,5.698970004
GRAMPA1629,0.301029996,5.698970004
GRAMPA1630,0.903089987,5.096910013
GRAMPA1631,1.166242592,4.833757408
GRAMPA1632,0.954242509,5.045757491
GRAMPA1633,0.557214064,5.442785936
GRAMPA1634,1.172773999,4.827226001
GRAMPA1635,1.532641801,4.467358199
GRAMPA1636,0.213531953,5.786468047
GRAMPA1637,0.317442036,5.682557964
GRAMPA1638,1.920616565,4.079383435
GRAMPA1639,0.812539007,5.187460993
GRAMPA1640,1.724362137,4.275637863
GRAMPA1641,2.10720997,3.89279003
GRAMPA1642,1.451786436,4.548213564
GRAMPA1643,0.040146854,5.959853146
GRAMPA1644,0.39637601,5.60362399
GRAMPA1645,0.483187034,5.516812966
GRAMPA1646,-0.595160649,6.595160649
GRAMPA1647,1.051152522,4.948847478
GRAMPA1648,2.10720997,3.89279003
GRAMPA1649,0.57335288,5.42664712
GRAMPA1654,1.653212514,4.346787486
GRAMPA1656,1.487564914,4.512435086
GRAMPA1657,1.738657538,4.261342462
GRAMPA1658,2.408239965,3.591760035
GRAMPA1659,2.10720997,3.89279003
GRAMPA1661,1.603592207,4.396407793
GRAMPA1662,1.604226053,4.395773947
GRAMPA1664,2.528412189,3.471587811
GRAMPA1665,2.532837604,3.467162396
GRAMPA1668,1.53072889,4.46927111
GRAMPA1670,1.564835946,4.435164054
GRAMPA1671,1.061773129,4.938226871
GRAMPA1672,0.857056755,5.142943245
GRAMPA1674,1.096910013,4.903089987
GRAMPA1681,1.291859017,4.708140983
GRAMPA1682,0.876648067,5.123351933
GRAMPA1684,1.380333904,4.619666096
GRAMPA1685,0.428956434,5.571043566
GRAMPA1686,1.079181246,4.920818754
GRAMPA1688,1.397940009,4.602059991
GRAMPA1689,1.065572526,4.934427474
GRAMPA1691,1.096910013,4.903089987
GRAMPA1692,1.271841607,4.728158393
GRAMPA1693,1.754603129,4.245396871
GRAMPA1694,1.806179974,4.193820026
GRAMPA1695,1.806179974,4.193820026
GRAMPA1696,0.835637068,5.164362932
GRAMPA1697,1.626891983,4.373108017
GRAMPA1698,1.580834064,4.419165936
GRAMPA1699,1.279804069,4.720195931
GRAMPA1700,1.819543936,4.180456064
GRAMPA1701,1.494508212,4.505491788
GRAMPA1702,1.342422681,4.657577319
GRAMPA1703,0.669006781,5.330993219
GRAMPA1705,1.630088715,4.369911285
GRAMPA1706,1.365771941,4.634228059
GRAMPA1707,1.620136055,4.379863945
GRAMPA1708,1.726067654,4.273932346
GRAMPA1709,2.119617501,3.880382499
GRAMPA1710,0.662757832,5.337242168
GRAMPA1712,1.884795364,4.115204636
GRAMPA1713,1.812913357,4.187086643
GRAMPA1714,1.164352856,4.835647144
GRAMPA1715,0.875337427,5.124662573
GRAMPA1717,1.578603034,4.421396966
GRAMPA1718,1.041392685,4.958607315
GRAMPA1719,0.568476345,5.431523655
GRAMPA1720,1.330271572,4.669728428
GRAMPA1721,0.472103819,5.527896181
GRAMPA1723,1.852355602,4.147644398
GRAMPA1724,0.566753181,5.433246819
GRAMPA1726,0.602059991,5.397940009
GRAMPA1727,1.216618553,4.783381447
GRAMPA1728,1.31915252,4.68084748
GRAMPA1729,1.845250704,4.154749296
GRAMPA1730,2.354108439,3.645891561
GRAMPA1731,0.602059991,5.397940009
GRAMPA1732,0.602059991,5.397940009
GRAMPA1734,0.812913357,5.187086643
GRAMPA1735,0.477121255,5.522878745
GRAMPA1736,0.602059991,5.397940009
GRAMPA1737,1.568201724,4.431798276
GRAMPA1738,0.301029996,5.698970004
GRAMPA1740,1.867762025,4.132237975
GRAMPA1741,0.726998728,5.273001272
GRAMPA1742,0.414973348,5.585026652
GRAMPA1743,0.915248431,5.084751569
GRAMPA1744,0.562292864,5.437707136
GRAMPA1745,1.787814567,4.212185433
GRAMPA1746,0.698970004,5.301029996
GRAMPA1747,-0.531579503,6.531579503
GRAMPA1749,0.301029996,5.698970004
GRAMPA1750,0.301029996,5.698970004
GRAMPA1754,0.954255151,5.045744849
GRAMPA1755,0.652638292,5.347361708
GRAMPA1756,0.784954047,5.215045953
GRAMPA1757,0.255426577,5.744573423
GRAMPA1758,0.500602351,5.499397649
GRAMPA1759,0.45484486,5.54515514
GRAMPA1760,-0.15490196,6.15490196
GRAMPA1761,-0.15490196,6.15490196
GRAMPA1762,2.0,4.0
GRAMPA1763,0.639640608,5.360359392
GRAMPA1764,1.77815125,4.22184875
GRAMPA1765,1.477121255,4.522878745
GRAMPA1766,1.370145121,4.629854879
GRAMPA1767,-0.71219827,6.71219827
GRAMPA1768,0.954242509,5.045757491
GRAMPA1769,1.955746467,4.044253533
GRAMPA1770,2.193124598,3.806875402
GRAMPA1771,3.084460739,2.915539261
GRAMPA1772,2.068650943,3.931349057
GRAMPA1773,2.0,4.0
GRAMPA1774,0.795880017,5.204119983
GRAMPA1775,2.0,4.0
GRAMPA1776,1.687922706,4.312077294
GRAMPA1777,1.255272505,4.744727495
GRAMPA1778,1.698970004,4.301029996
GRAMPA1779,2.903089987,3.096910013
GRAMPA1780,0.745714909,5.254285091
GRAMPA1781,0.356046307,5.643953693
GRAMPA1782,-0.383475137,6.383475137
GRAMPA1783,2.0,4.0
GRAMPA1784,1.590218687,4.409781313
GRAMPA1785,1.558255956,4.441744044
GRAMPA1786,1.590074701,4.409925299
GRAMPA1787,1.505149978,4.494850022
GRAMPA1788,0.494850022,5.505149978
GRAMPA1789,0.193124598,5.806875402
GRAMPA1790,0.193124598,5.806875402
GRAMPA1791,1.187520721,4.812479279
GRAMPA1792,1.204119983,4.795880017
GRAMPA1793,0.602059991,5.397940009
GRAMPA1794,1.334659996,4.665340004
GRAMPA1795,0.194532384,5.805467616
GRAMPA1796,1.204119983,4.795880017
GRAMPA1797,1.204119983,4.795880017
GRAMPA1798,1.204119983,4.795880017
GRAMPA1799,0.903089987,5.096910013
GRAMPA1804,0.301029996,5.698970004
GRAMPA1805,0.301029996,5.698970004
GRAMPA1806,0.301029996,5.698970004
GRAMPA1807,0.301029996,5.698970004
GRAMPA1808,1.096910013,4.903089987
GRAMPA1809,0.795880017,5.204119983
GRAMPA1810,0.647987493,5.352012507
GRAMPA1811,0.903089987,5.096910013
GRAMPA1812,2.301029996,3.698970004
GRAMPA1813,1.462397998,4.537602002
GRAMPA1814,1.806179974,4.193820026
GRAMPA1815,0.189980319,5.810019681
GRAMPA1816,0.903089987,5.096910013
GRAMPA1818,0.84509804,5.15490196
GRAMPA1819,0.301029996,5.698970004
GRAMPA1820,0.314393957,5.685606043
GRAMPA1823,0.494850022,5.505149978
GRAMPA1824,0.494850022,5.505149978
GRAMPA1825,0.494850022,5.505149978
GRAMPA1826,0.494850022,5.505149978
GRAMPA1827,0.795880017,5.204119983
GRAMPA1828,0.795880017,5.204119983
GRAMPA1829,0.795880017,5.204119983
GRAMPA1830,0.795880017,5.204119983
GRAMPA1831,0.494850022,5.505149978
GRAMPA1832,0.494850022,5.505149978
GRAMPA1833,1.136986768,4.863013232
GRAMPA1834,0.494850022,5.505149978
GRAMPA1835,0.795880017,5.204119983
GRAMPA1836,0.494850022,5.505149978
GRAMPA1837,1.096910013,4.903089987
GRAMPA1838,0.795880017,5.204119983
GRAMPA1839,1.707570176,4.292429824
GRAMPA1840,0.903089987,5.096910013
GRAMPA1841,1.264288175,4.735711825
GRAMPA1842,1.806179974,4.193820026
GRAMPA1843,1.210318041,4.789681959
GRAMPA1844,-0.82287798,6.82287798
GRAMPA1845,1.096910013,4.903089987
GRAMPA1846,1.096910013,4.903089987
GRAMPA1847,0.971971276,5.028028724
GRAMPA1848,0.079181246,5.920818754
GRAMPA1849,0.549481559,5.450518441
GRAMPA1850,1.902539997,4.097460003
GRAMPA1852,1.784163133,4.215836867
GRAMPA1853,0.741373686,5.258626314
GRAMPA1854,1.743447987,4.256552013
GRAMPA1855,0.494850022,5.505149978
GRAMPA1856,0.624265047,5.375734953
GRAMPA1857,1.256282388,4.743717612
GRAMPA1858,0.955252392,5.044747608
GRAMPA1859,1.044333743,4.955666257
GRAMPA1860,0.397940009,5.602059991
GRAMPA1861,0.903089987,5.096910013
GRAMPA1862,0.713938314,5.286061686
GRAMPA1863,1.01518911,4.98481089
GRAMPA1865,1.096910013,4.903089987
GRAMPA1866,1.230448921,4.769551079
GRAMPA1867,2.301029996,3.698970004
GRAMPA1868,0.350387936,5.649612064
GRAMPA1869,0.386085586,5.613914414
GRAMPA1870,1.460393683,4.539606317
GRAMPA1872,1.806179974,4.193820026
GRAMPA1873,1.977455997,4.022544003
GRAMPA1874,2.150039775,3.849960225
GRAMPA1875,0.947229066,5.052770934
GRAMPA1876,0.754548718,5.245451282
GRAMPA1877,1.477058667,4.522941333
GRAMPA1878,0.477121255,5.522878745
GRAMPA1879,0.444817259,5.555182741
GRAMPA1880,0.954732388,5.045267612
GRAMPA1881,1.76819873,4.23180127
GRAMPA1882,1.751405602,4.248594398
GRAMPA1883,0.51851394,5.48148606
GRAMPA1884,1.660751561,4.339248439
GRAMPA1885,2.641136642,3.358863358
GRAMPA1886,1.43800409,4.56199591
GRAMPA1887,0.933636174,5.066363826
GRAMPA1888,0.875061263,5.124938737
GRAMPA1889,2.10720997,3.89279003
GRAMPA1890,1.92682194,4.07317806
GRAMPA1891,2.574226373,3.425773627
GRAMPA1892,2.698970004,3.301029996
GRAMPA1893,2.698970004,3.301029996
GRAMPA1894,1.750122527,4.249877473
GRAMPA1895,0.804754064,5.195245936
GRAMPA1896,1.301029996,4.698970004
GRAMPA1897,0.804754064,5.195245936
GRAMPA1899,1.255272505,4.744727495
GRAMPA1900,2.326412575,3.673587425
GRAMPA1901,1.577542925,4.422457075
GRAMPA1903,0.743131831,5.256868169
GRAMPA1904,1.017169445,4.982830555
GRAMPA1905,1.293414314,4.706585686
GRAMPA1906,0.903089987,5.096910013
GRAMPA1908,1.201258887,4.798741113
GRAMPA1909,1.498243077,4.501756923
GRAMPA1910,0.380211242,5.619788758
GRAMPA1911,1.067245768,4.932754232
GRAMPA1912,1.068185862,4.931814138
GRAMPA1913,0.549481559,5.450518441
GRAMPA1914,1.658997331,4.341002669
GRAMPA1915,2.10720997,3.89279003
GRAMPA1916,1.211979342,4.788020658
GRAMPA1917,0.238513299,5.761486701
GRAMPA1918,1.056968734,4.943031266
GRAMPA1919,1.453057705,4.546942295
GRAMPA1924,1.035661723,4.964338277
GRAMPA1926,1.243345852,4.756654148
GRAMPA1927,0.814754251,5.185245749
GRAMPA1929,2.201407735,3.798592265
GRAMPA1930,-0.107905397,6.107905397
GRAMPA1932,0.84509804,5.15490196
GRAMPA1933,0.602059991,5.397940009
GRAMPA1935,0.602059991,5.397940009
GRAMPA1936,1.795880017,4.204119983
GRAMPA1939,1.599597749,4.400402251
GRAMPA1940,2.537308578,3.462691422
GRAMPA1941,1.642196604,4.357803396
GRAMPA1942,1.397940009,4.602059991
GRAMPA1943,0.804754064,5.195245936
GRAMPA1944,1.096910013,4.903089987
GRAMPA1946,1.187842251,4.812157749
GRAMPA1947,1.737771454,4.262228546
GRAMPA1948,2.33338146,3.66661854
GRAMPA1949,1.380333904,4.619666096
GRAMPA1950,0.804754064,5.195245936
GRAMPA1951,1.267920157,4.732079843
GRAMPA1952,1.437374011,4.562625989
GRAMPA1953,0.408961321,5.591038679
GRAMPA1954,0.457254939,5.542745061
GRAMPA1955,1.238046103,4.761953897
GRAMPA1956,1.698970004,4.301029996
GRAMPA1957,-0.225839605,6.225839605
GRAMPA1958,0.555706759,5.444293241
GRAMPA1959,0.55073925,5.44926075
GRAMPA1960,1.170778751,4.829221249
GRAMPA1961,0.861138984,5.138861016
GRAMPA1962,0.921822231,5.078177769
GRAMPA1963,2.0,4.0
GRAMPA1964,1.698970004,4.301029996
GRAMPA1965,1.096910013,4.903089987
GRAMPA1966,0.838969231,5.161030769
GRAMPA1967,0.843194134,5.156805866
GRAMPA1968,2.180927167,3.819072833
GRAMPA1969,1.207423111,4.792576889
GRAMPA1971,0.77815125,5.22184875
GRAMPA1972,0.187348074,5.812651926
GRAMPA1973,0.996484861,5.003515139
GRAMPA1976,0.967287531,5.032712469
GRAMPA1977,1.51851394,4.48148606
GRAMPA1978,1.77815125,4.22184875
GRAMPA1979,1.77815125,4.22184875
GRAMPA1980,2.0,4.0
GRAMPA1981,1.336459734,4.663540266
GRAMPA1982,2.0,4.0
GRAMPA1983,2.0,4.0
GRAMPA1984,1.025305865,4.974694135
GRAMPA1986,2.0,4.0
GRAMPA1988,0.826074803,5.173925197
GRAMPA1989,2.0,4.0
GRAMPA1990,1.301029996,4.698970004
GRAMPA1991,0.939519253,5.060480747
GRAMPA1993,0.397940009,5.602059991
GRAMPA1994,2.0,4.0
GRAMPA1995,0.956377373,5.043622627
GRAMPA1996,1.766429833,4.233570167
GRAMPA1997,2.068650943,3.931349057
GRAMPA1998,0.968821798,5.031178202
GRAMPA1999,2.196494837,3.803505163
GRAMPA2000,1.845987061,4.154012939
GRAMPA2001,1.401160987,4.598839013
GRAMPA2002,0.356058277,5.643941723
GRAMPA2004,0.204119983,5.795880017
GRAMPA2005,-0.204119983,6.204119983
GRAMPA2009,0.477121255,5.522878745
GRAMPA2011,0.795880017,5.204119983
GRAMPA2012,0.602059991,5.397940009
GRAMPA2015,1.991226076,4.008773924
GRAMPA2016,0.795880017,5.204119983
GRAMPA2017,1.408009954,4.591990046
GRAMPA2018,1.129837691,4.870162309
GRAMPA2020,0.625174995,5.374825005
GRAMPA2021,2.642400185,3.357599815
GRAMPA2025,2.10720997,3.89279003
GRAMPA2027,0.113943352,5.886056648
GRAMPA2030,2.10720997,3.89279003
GRAMPA2031,2.477121255,3.522878745
GRAMPA2032,1.505149978,4.494850022
GRAMPA2033,0.530286331,5.469713669
GRAMPA2034,2.301029996,3.698970004
GRAMPA2035,2.301029996,3.698970004
GRAMPA2036,1.977723605,4.022276395
GRAMPA2037,1.733983499,4.266016501
GRAMPA2038,1.522107633,4.477892367
GRAMPA2039,1.219175354,4.780824646
GRAMPA2041,1.4561311,4.5438689
GRAMPA2042,1.204119983,4.795880017
GRAMPA2043,2.0,4.0
GRAMPA2044,0.954242509,5.045757491
GRAMPA2045,1.397940009,4.602059991
GRAMPA2046,1.806179974,4.193820026
GRAMPA2047,1.806179974,4.193820026
GRAMPA2048,1.965642952,4.034357048
GRAMPA2049,0.875207238,5.124792762
GRAMPA2050,0.855474945,5.144525055
GRAMPA2051,-0.006234127,6.006234127
GRAMPA2052,1.839437141,4.160562859
GRAMPA2053,1.096910013,4.903089987
GRAMPA2054,1.653212514,4.346787486
GRAMPA2055,1.698970004,4.301029996
GRAMPA2056,1.698970004,4.301029996
GRAMPA2057,1.681241237,4.318758763
GRAMPA2058,1.255272505,4.744727495
GRAMPA2059,2.39529341,3.60470659
GRAMPA2060,1.276287636,4.723712364
GRAMPA2061,1.540566319,4.459433681
GRAMPA2062,1.553030812,4.446969188
GRAMPA2063,1.522385521,4.477614479
GRAMPA2064,1.493760865,4.506239135
GRAMPA2065,1.562340664,4.437659336
GRAMPA2066,0.681241237,5.318758763
GRAMPA2067,1.290357649,4.709642351
GRAMPA2069,0.797911257,5.202088743
GRAMPA2070,1.40654018,4.59345982
GRAMPA2071,2.10720997,3.89279003
GRAMPA2072,1.505149978,4.494850022
GRAMPA2073,1.505149978,4.494850022
GRAMPA2074,0.682436475,5.317563525
GRAMPA2076,1.564666064,4.435333936
GRAMPA2077,3.204119983,2.795880017
GRAMPA2078,0.77815125,5.22184875
GRAMPA2079,1.303148362,4.696851638
GRAMPA2080,1.294466226,4.705533774
GRAMPA2082,1.937016107,4.062983893
GRAMPA2083,0.77815125,5.22184875
GRAMPA2084,1.020376063,4.979623937
GRAMPA2085,1.108421692,4.891578308
GRAMPA2086,0.795880017,5.204119983
GRAMPA2088,2.698970004,3.301029996
GRAMPA2089,2.187520721,3.812479279
GRAMPA2090,2.029383778,3.970616222
GRAMPA2091,0.903089987,5.096910013
GRAMPA2092,1.146128036,4.853871964
GRAMPA2093,1.113943352,4.886056648
GRAMPA2094,1.146128036,4.853871964
GRAMPA2095,0.815054879,5.184945121
GRAMPA2096,1.230448921,4.769551079
GRAMPA2097,1.505149978,4.494850022
GRAMPA2098,2.698970004,3.301029996
GRAMPA2100,2.698970004,3.301029996
GRAMPA2101,2.0,4.0
GRAMPA2102,2.217404889,3.782595111
GRAMPA2103,2.698970004,3.301029996
GRAMPA2104,2.10720997,3.89279003
GRAMPA2105,2.187083981,3.812916019
GRAMPA2106,2.698970004,3.301029996
GRAMPA2107,2.698970004,3.301029996
GRAMPA2108,2.165185439,3.834814561
GRAMPA2109,2.698970004,3.301029996
GRAMPA2110,2.150533846,3.849466154
GRAMPA2111,1.682123414,4.317876586
GRAMPA2113,1.748754472,4.251245528
GRAMPA2114,1.600453174,4.399546826
GRAMPA2115,2.176091259,3.823908741
GRAMPA2116,2.0,4.0
GRAMPA2117,2.397940009,3.602059991
GRAMPA2118,1.748754472,4.251245528
GRAMPA2119,0.243038049,5.756961951
GRAMPA2120,1.743078576,4.256921424
GRAMPA2121,1.759546661,4.240453339
GRAMPA2122,1.737842396,4.262157604
GRAMPA2123,1.759546661,4.240453339
GRAMPA2124,1.743078576,4.256921424
GRAMPA2125,1.949404492,4.050595508
GRAMPA2126,1.717521168,4.282478832
GRAMPA2127,2.0,4.0
GRAMPA2128,2.0,4.0
GRAMPA2129,2.276231958,3.723768042
GRAMPA2130,2.517646465,3.482353535
GRAMPA2131,1.595860529,4.404139471
GRAMPA2132,1.569904198,4.430095802
GRAMPA2133,1.717521168,4.282478832
GRAMPA2134,2.301029996,3.698970004
GRAMPA2135,1.70771322,4.29228678
GRAMPA2136,1.010299957,4.989700043
GRAMPA2137,0.551697469,5.448302531
GRAMPA2138,0.908485019,5.091514981
GRAMPA2139,1.19991782,4.80008218
GRAMPA2141,-0.23217383,6.23217383
GRAMPA2142,1.871922674,4.128077326
GRAMPA2143,1.533125223,4.466874777
GRAMPA2144,1.208895527,4.791104473
GRAMPA2145,2.31358483,3.68641517
GRAMPA2146,1.604099653,4.395900347
GRAMPA2147,1.099434813,4.900565187
GRAMPA2148,1.094162624,4.905837376
GRAMPA2149,0.301029996,5.698970004
GRAMPA2150,2.10720997,3.89279003
GRAMPA2151,1.806179974,4.193820026
GRAMPA2154,2.10720997,3.89279003
GRAMPA2155,2.10720997,3.89279003
GRAMPA2156,2.10720997,3.89279003
GRAMPA2157,0.903089987,5.096910013
GRAMPA2158,2.10720997,3.89279003
GRAMPA2159,0.77815125,5.22184875
GRAMPA2160,0.602059991,5.397940009
GRAMPA2161,0.903089987,5.096910013
GRAMPA2163,1.356014843,4.643985157
GRAMPA2164,1.946428125,4.053571875
GRAMPA2165,1.378118801,4.621881199
GRAMPA2166,0.301029996,5.698970004
GRAMPA2167,1.397940009,4.602059991
GRAMPA2168,1.016989242,4.983010758
GRAMPA2169,1.573938057,4.426061943
GRAMPA2170,2.0,4.0
GRAMPA2171,1.096910013,4.903089987
GRAMPA2172,2.0,4.0
GRAMPA2173,1.096910013,4.903089987
GRAMPA2174,2.0,4.0
GRAMPA2175,2.0,4.0
GRAMPA2176,1.316269962,4.683730038
GRAMPA2177,0.494850022,5.505149978
GRAMPA2178,0.795880017,5.204119983
GRAMPA2179,0.569178765,5.430821235
GRAMPA2180,1.195641124,4.804358876
GRAMPA2181,1.154029223,4.845970777
GRAMPA2182,0.422877438,5.577122562
GRAMPA2183,0.63459355,5.36540645
GRAMPA2184,0.612562845,5.387437155
GRAMPA2185,0.582641698,5.417358302
GRAMPA2186,0.555812221,5.444187779
GRAMPA2187,1.447220512,4.552779488
GRAMPA2188,1.128217953,4.871782047
GRAMPA2191,0.113943352,5.886056648
GRAMPA2192,1.131153649,4.868846351
GRAMPA2193,0.966141733,5.033858267
GRAMPA2194,0.966141733,5.033858267
GRAMPA2195,-0.522878745,6.522878745
GRAMPA2196,2.698970004,3.301029996
GRAMPA2197,0.113943352,5.886056648
GRAMPA2198,0.929418926,5.070581074
GRAMPA2199,1.257740059,4.742259941
GRAMPA2200,1.505149978,4.494850022
GRAMPA2201,1.84501963,4.15498037
GRAMPA2202,1.524781195,4.475218805
GRAMPA2203,0.899741948,5.100258052
GRAMPA2204,0.598711953,5.401288047
GRAMPA2205,1.816804523,4.183195477
GRAMPA2206,0.146128036,5.853871964
GRAMPA2207,0.890772012,5.109227988
GRAMPA2209,1.795880017,4.204119983
GRAMPA2210,1.795880017,4.204119983
GRAMPA2211,1.795880017,4.204119983
GRAMPA2212,1.795880017,4.204119983
GRAMPA2213,1.795880017,4.204119983
GRAMPA2217,1.795880017,4.204119983
GRAMPA2218,1.795880017,4.204119983
GRAMPA2220,0.77815125,5.22184875
GRAMPA2221,2.408239965,3.591760035
GRAMPA2223,2.0,4.0
GRAMPA2224,0.542201982,5.457798018
GRAMPA2226,0.29907772,5.70092228
GRAMPA2227,1.278332668,4.721667332
GRAMPA2228,1.740807168,4.259192832
GRAMPA2229,0.19919619,5.80080381
GRAMPA2230,0.414973348,5.585026652
GRAMPA2231,1.69157185,4.30842815
GRAMPA2232,1.371465449,4.628534551
GRAMPA2233,1.062166281,4.937833719
GRAMPA2234,1.36017217,4.63982783
GRAMPA2235,0.397940009,5.602059991
GRAMPA2236,1.93529618,4.06470382
GRAMPA2237,2.245723879,3.754276121
GRAMPA2238,1.677897156,4.322102844
GRAMPA2239,1.077616612,4.922383388
GRAMPA2240,0.725009157,5.274990843
GRAMPA2241,0.724441444,5.275558556
GRAMPA2242,1.633559906,4.366440094
GRAMPA2243,1.230448921,4.769551079
GRAMPA2244,1.982271233,4.017728767
GRAMPA2245,2.10720997,3.89279003
GRAMPA2246,0.805949963,5.194050037
GRAMPA2247,1.337609113,4.662390887
GRAMPA2248,0.480265665,5.519734335
GRAMPA2249,1.148166821,4.851833179
GRAMPA2251,2.09676287,3.90323713
GRAMPA2252,1.482419838,4.517580162
GRAMPA2253,2.147601311,3.852398689
GRAMPA2254,0.380211242,5.619788758
GRAMPA2256,2.256445087,3.743554913
GRAMPA2257,1.421339233,4.578660767
GRAMPA2258,0.422877438,5.577122562
GRAMPA2259,1.124639278,4.875360722
GRAMPA2260,2.698970004,3.301029996
GRAMPA2261,1.990093258,4.009906742
GRAMPA2262,1.0,5.0
GRAMPA2263,1.399583336,4.600416664
GRAMPA2264,0.725009157,5.274990843
GRAMPA2265,0.0,6.0
GRAMPA2266,0.701148206,5.298851794
GRAMPA2267,0.43956175,5.56043825
GRAMPA2268,1.62283548,4.37716452
GRAMPA2269,1.836239497,4.163760503
GRAMPA2270,1.329058719,4.670941281
GRAMPA2271,0.903089987,5.096910013
GRAMPA2272,1.631443769,4.368556231
GRAMPA2273,0.669006781,5.330993219
GRAMPA2274,0.114381079,5.885618921
GRAMPA2275,-0.045757491,6.045757491
GRAMPA2276,0.636822098,5.363177902
GRAMPA2277,0.669006781,5.330993219
GRAMPA2278,0.146128036,5.853871964
GRAMPA2279,0.322219295,5.677780705
GRAMPA2280,2.247630447,3.752369553
GRAMPA2281,1.243038049,4.756961951
GRAMPA2282,0.041392685,5.958607315
GRAMPA2283,0.903089987,5.096910013
GRAMPA2284,2.0,4.0
GRAMPA2285,2.569082147,3.430917853
GRAMPA2286,1.0,5.0
GRAMPA2287,0.626234356,5.373765644
GRAMPA2288,1.875061263,4.124938737
GRAMPA2289,0.383815366,5.616184634
GRAMPA2290,1.806179974,4.193820026
GRAMPA2292,0.431363764,5.568636236
GRAMPA2293,1.639474436,4.360525564
GRAMPA2294,1.160640406,4.839359594
GRAMPA2295,2.477121255,3.522878745
GRAMPA2296,0.888560376,5.111439624
GRAMPA2297,1.038339339,4.961660661
GRAMPA2298,1.176091259,4.823908741
GRAMPA2299,0.498981311,5.501018689
GRAMPA2300,0.374182075,5.625817925
GRAMPA2301,2.0,4.0
GRAMPA2302,1.051152522,4.948847478
GRAMPA2303,1.14544208,4.85455792
GRAMPA2304,1.108183351,4.891816649
GRAMPA2305,1.07387007,4.92612993
GRAMPA2306,2.698970004,3.301029996
GRAMPA2307,2.10720997,3.89279003
GRAMPA2308,2.496929648,3.503070352
GRAMPA2309,-0.091514981,6.091514981
GRAMPA2310,2.10720997,3.89279003
GRAMPA2311,0.414973348,5.585026652
GRAMPA2312,0.683504099,5.316495901
GRAMPA2315,2.0,4.0
GRAMPA2316,0.602059991,5.397940009
GRAMPA2318,0.495544338,5.504455662
GRAMPA2319,1.602059991,4.397940009
GRAMPA2320,1.301029996,4.698970004
GRAMPA2321,1.0,5.0
GRAMPA2322,1.602059991,4.397940009
GRAMPA2323,0.91805797,5.08194203
GRAMPA2324,1.371801381,4.628198619
GRAMPA2325,1.189210888,4.810789112
GRAMPA2326,1.362113828,4.637886172
GRAMPA2327,0.903089987,5.096910013
GRAMPA2328,1.414973348,4.585026652
GRAMPA2329,0.954242509,5.045757491
GRAMPA2330,1.187488511,4.812511489
GRAMPA2331,1.495226158,4.504773842
GRAMPA2332,0.895677727,5.104322273
GRAMPA2333,0.740362689,5.259637311
GRAMPA2334,1.100370545,4.899629455
GRAMPA2335,2.10720997,3.89279003
GRAMPA2336,1.408239965,4.591760035
GRAMPA2337,-0.031513151,6.031513151
GRAMPA2338,0.861851009,5.138148991
GRAMPA2339,0.560821014,5.439178986
GRAMPA2340,0.550080045,5.449919955
GRAMPA2341,-0.08728742,6.08728742
GRAMPA2342,0.338925327,5.661074673
GRAMPA2343,1.051152522,4.948847478
GRAMPA2344,0.415070791,5.584929209
GRAMPA2345,0.823908741,5.176091259
GRAMPA2346,0.113943352,5.886056648
GRAMPA2347,1.125899372,4.874100628
GRAMPA2348,1.982271233,4.017728767
GRAMPA2349,1.115110334,4.884889666
GRAMPA2351,1.053078443,4.946921557
GRAMPA2352,0.698970004,5.301029996
GRAMPA2353,-0.15490196,6.15490196
GRAMPA2354,1.681241237,4.318758763
GRAMPA2355,2.0,4.0
GRAMPA2356,0.875061263,5.124938737
GRAMPA2357,0.113943352,5.886056648
GRAMPA2358,0.255676437,5.744323563
GRAMPA2359,0.748188027,5.251811973
GRAMPA2360,0.875061263,5.124938737
GRAMPA2361,0.462679535,5.537320465
GRAMPA2362,1.62324929,4.37675071
GRAMPA2363,1.301029996,4.698970004
GRAMPA2364,0.491361694,5.508638306
GRAMPA2365,0.477121255,5.522878745
GRAMPA2366,1.861262834,4.138737166
GRAMPA2367,1.467439569,4.532560431
GRAMPA2368,1.441744909,4.558255091
GRAMPA2369,1.113943352,4.886056648
GRAMPA2371,0.931275363,5.068724637
GRAMPA2372,1.563362181,4.436637819
GRAMPA2373,1.56360677,4.43639323
GRAMPA2374,1.553037736,4.446962264
GRAMPA2375,1.553276577,4.446723423
GRAMPA2376,-0.421967677,6.421967677
GRAMPA2377,-0.144478606,6.144478606
GRAMPA2378,-0.139149883,6.139149883
GRAMPA2379,-0.146962521,6.146962521
GRAMPA2380,1.204119983,4.795880017
GRAMPA2381,1.806179974,4.193820026
GRAMPA2382,1.204119983,4.795880017
GRAMPA2383,1.350671471,4.649328529
GRAMPA2384,0.77815125,5.22184875
GRAMPA2385,0.442273751,5.557726249
GRAMPA2386,0.17923567,5.82076433
GRAMPA2387,0.93314951,5.06685049
GRAMPA2388,0.77815125,5.22184875
GRAMPA2389,0.610024608,5.389975392
GRAMPA2390,1.510310732,4.489689268
GRAMPA2391,1.806179974,4.193820026
GRAMPA2392,2.10720997,3.89279003
GRAMPA2393,-0.15490196,6.15490196
GRAMPA2394,0.923921262,5.076078738
GRAMPA2395,0.132903353,5.867096647
GRAMPA2396,0.775479778,5.224520222
GRAMPA2397,1.428736789,4.571263211
GRAMPA2398,1.091849711,4.908150289
GRAMPA2399,1.368051898,4.631948102
GRAMPA2400,1.08684388,4.91315612
GRAMPA2401,1.439332694,4.560667306
GRAMPA2402,0.900367129,5.099632871
GRAMPA2403,0.556302501,5.443697499
GRAMPA2404,0.51851394,5.48148606
GRAMPA2405,1.722491811,4.277508189
GRAMPA2406,0.113943352,5.886056648
GRAMPA2407,0.630960402,5.369039598
GRAMPA2408,1.096910013,4.903089987
GRAMPA2409,0.342422681,5.657577319
GRAMPA2410,0.698970004,5.301029996
GRAMPA2411,-0.22184875,6.22184875
GRAMPA2412,1.146128036,4.853871964
GRAMPA2413,1.713524406,4.286475594
GRAMPA2414,0.666309623,5.333690377
GRAMPA2415,1.72427587,4.27572413
GRAMPA2416,1.66984781,4.33015219
GRAMPA2417,0.315738169,5.684261831
GRAMPA2418,1.973127854,4.026872146
GRAMPA2420,1.380211242,4.619788758
GRAMPA2421,1.935232929,4.064767071
GRAMPA2422,1.369215857,4.630784143
GRAMPA2423,0.972202838,5.027797162
GRAMPA2424,0.495544338,5.504455662
GRAMPA2425,0.193124598,5.806875402
GRAMPA2426,0.795880017,5.204119983
GRAMPA2427,0.795880017,5.204119983
GRAMPA2428,0.495544338,5.504455662
GRAMPA2429,1.224014811,4.775985189
GRAMPA2430,2.069068809,3.930931191
GRAMPA2431,2.0,4.0
GRAMPA2432,1.698970004,4.301029996
GRAMPA2433,2.0,4.0
GRAMPA2434,1.698970004,4.301029996
GRAMPA2435,0.912037088,5.087962912
GRAMPA2436,1.234959093,4.765040907
GRAMPA2437,0.93728677,5.06271323
GRAMPA2438,1.725613697,4.274386303
GRAMPA2439,0.6775231,5.3224769
GRAMPA2440,1.380211242,4.619788758
GRAMPA2441,1.397940009,4.602059991
GRAMPA2442,1.397940009,4.602059991
GRAMPA2443,1.113378029,4.886621971
GRAMPA2444,0.956524899,5.043475101
GRAMPA2445,2.0,4.0
GRAMPA2446,1.096910013,4.903089987
GRAMPA2447,0.369215857,5.630784143
GRAMPA2448,0.369215857,5.630784143
GRAMPA2449,2.0,4.0
GRAMPA2450,0.795880017,5.204119983
GRAMPA2451,0.495544338,5.504455662
GRAMPA2452,0.586587305,5.413412695
GRAMPA2453,0.495544338,5.504455662
GRAMPA2454,0.963787827,5.036212173
GRAMPA2455,1.342422681,4.657577319
GRAMPA2456,1.096910013,4.903089987
GRAMPA2457,1.401110426,4.598889574
GRAMPA2458,0.567026366,5.432973634
GRAMPA2459,0.586277288,5.413722712
GRAMPA2460,2.301029996,3.698970004
GRAMPA2461,2.0,4.0
GRAMPA2462,2.0,4.0
GRAMPA2463,2.0,4.0
GRAMPA2464,2.0,4.0
GRAMPA2465,0.823908741,5.176091259
GRAMPA2466,2.0,4.0
GRAMPA2467,2.0,4.0
GRAMPA2468,2.0,4.0
GRAMPA2469,1.633263735,4.366736265
GRAMPA2470,0.681241237,5.318758763
GRAMPA2471,0.301029996,5.698970004
GRAMPA2472,1.960589401,4.039410599
GRAMPA2473,1.204119983,4.795880017
GRAMPA2474,2.079118658,3.920881342
GRAMPA2475,1.059147548,4.940852452
GRAMPA2476,1.199293917,4.800706083
GRAMPA2478,2.127871881,3.872128119
GRAMPA2479,2.035192598,3.964807402
GRAMPA2480,1.947582841,4.052417159
GRAMPA2481,1.505149978,4.494850022
GRAMPA2482,0.176091259,5.823908741
GRAMPA2483,0.361727836,5.638272164
GRAMPA2484,0.903089987,5.096910013
GRAMPA2485,1.768765206,4.231234794
GRAMPA2486,0.477121255,5.522878745
GRAMPA2488,1.730631944,4.269368056
GRAMPA2489,1.152727708,4.847272292
GRAMPA2490,1.303242706,4.696757294
GRAMPA2491,1.505149978,4.494850022
GRAMPA2492,1.622552704,4.377447296
GRAMPA2493,2.123995578,3.876004422
GRAMPA2494,1.282219325,4.717780675
GRAMPA2495,0.620608674,5.379391326
GRAMPA2496,1.538705308,4.461294692
GRAMPA2497,0.204119983,5.795880017
GRAMPA2498,3.096910013,2.903089987
GRAMPA2499,3.397940009,2.602059991
GRAMPA2500,1.301029996,4.698970004
GRAMPA2501,1.301029996,4.698970004
GRAMPA2502,1.301029996,4.698970004
GRAMPA2503,2.176091259,3.823908741
GRAMPA2504,0.621458588,5.378541412
GRAMPA2505,0.916876777,5.083123223
GRAMPA2506,2.15312283,3.84687717
GRAMPA2509,1.505149978,4.494850022
GRAMPA2510,0.397940009,5.602059991
GRAMPA2511,0.698970004,5.301029996
GRAMPA2512,0.698970004,5.301029996
GRAMPA2513,0.397940009,5.602059991
GRAMPA2514,0.397940009,5.602059991
GRAMPA2515,0.397940009,5.602059991
GRAMPA2516,0.397940009,5.602059991
GRAMPA2517,0.447158031,5.552841969
GRAMPA2518,1.079181246,4.920818754
GRAMPA2519,2.191171701,3.808828299
GRAMPA2520,1.200741275,4.799258725
GRAMPA2521,0.77815125,5.22184875
GRAMPA2522,3.096910013,2.903089987
GRAMPA2523,0.579621152,5.420378848
GRAMPA2524,2.2451077,3.7548923
GRAMPA2525,2.0,4.0
GRAMPA2526,0.747098253,5.252901747
GRAMPA2527,0.948680972,5.051319028
GRAMPA2528,0.404782329,5.595217671
GRAMPA2529,0.958060372,5.041939628
GRAMPA2530,0.870464216,5.129535784
GRAMPA2531,1.540098707,4.459901293
GRAMPA2532,0.614283893,5.385716107
GRAMPA2533,0.041837774,5.958162226
GRAMPA2534,1.859596297,4.140403703
GRAMPA2535,1.637135253,4.362864747
GRAMPA2536,0.400931694,5.599068306
GRAMPA2537,1.676591193,4.323408807
GRAMPA2538,1.025668048,4.974331952
GRAMPA2539,1.156435708,4.843564292
GRAMPA2540,1.245957757,4.754042243
GRAMPA2541,0.408942409,5.591057591
GRAMPA2542,1.074531201,4.925468799
GRAMPA2543,0.941841969,5.058158031
GRAMPA2544,0.864047965,5.135952035
GRAMPA2545,1.704772772,4.295227228
GRAMPA2546,1.554653469,4.445346531
GRAMPA2547,1.497444502,4.502555498
GRAMPA2548,1.471323859,4.528676141
GRAMPA2550,0.313852767,5.686147233
GRAMPA2551,-0.279871987,6.279871987
GRAMPA2552,1.68686134,4.31313866
GRAMPA2553,1.617093313,4.382906687
GRAMPA2554,1.584834302,4.415165698
GRAMPA2555,1.62181401,4.37818599
GRAMPA2556,0.84509804,5.15490196
GRAMPA2557,3.096910013,2.903089987
GRAMPA2558,3.397940009,2.602059991
GRAMPA2559,3.096910013,2.903089987
GRAMPA2560,3.096910013,2.903089987
GRAMPA2561,2.971971276,3.028028724
GRAMPA2562,3.038918066,2.961081934
GRAMPA2563,2.870403905,3.129596095
GRAMPA2564,3.038918066,2.961081934
GRAMPA2565,3.096910013,2.903089987
GRAMPA2566,3.096910013,2.903089987
GRAMPA2567,3.096910013,2.903089987
GRAMPA2568,3.096910013,2.903089987
GRAMPA2569,3.149932625,2.850067375
GRAMPA2570,3.096910013,2.903089987
GRAMPA2571,3.006679928,2.993320072
GRAMPA2572,2.0,4.0
GRAMPA2573,1.77815125,4.22184875
GRAMPA2574,1.801918983,4.198081017
GRAMPA2575,0.633468456,5.366531544
GRAMPA2576,0.342422681,5.657577319
GRAMPA2577,2.0,4.0
GRAMPA2578,2.0,4.0
GRAMPA2579,0.954242509,5.045757491
GRAMPA2580,1.120827474,4.879172526
GRAMPA2581,1.193124598,4.806875402
GRAMPA2582,0.982271233,5.017728767
GRAMPA2583,1.903089987,4.096910013
GRAMPA2584,1.511883361,4.488116639
GRAMPA2585,0.857332496,5.142667504
GRAMPA2586,1.193124598,4.806875402
GRAMPA2587,2.0,4.0
GRAMPA2588,1.662003445,4.337996555
GRAMPA2589,0.892811124,5.107188876
GRAMPA2590,0.480689663,5.519310337
GRAMPA2591,0.908684224,5.091315776
GRAMPA2592,1.017192874,4.982807126
GRAMPA2593,1.021172092,4.978827908
GRAMPA2594,0.916080754,5.083919246
GRAMPA2595,0.512321088,5.487678912
GRAMPA2596,1.2451077,4.7548923
GRAMPA2597,0.608220047,5.391779953
GRAMPA2598,0.913400602,5.086599398
GRAMPA2599,0.383488763,5.616511237
GRAMPA2600,1.537062046,4.462937954
GRAMPA2601,0.431756069,5.568243931
GRAMPA2602,0.328776901,5.671223099
GRAMPA2603,0.943541435,5.056458565
GRAMPA2604,1.61393086,4.38606914
GRAMPA2605,0.526477485,5.473522515
GRAMPA2606,0.425686914,5.574313086
GRAMPA2607,0.118671411,5.881328589
GRAMPA2608,1.037833343,4.962166657
GRAMPA2609,0.944482672,5.055517328
GRAMPA2610,0.41245668,5.58754332
GRAMPA2611,2.706303708,3.293696292
GRAMPA2612,1.62978299,4.37021701
GRAMPA2613,0.90458886,5.09541114
GRAMPA2614,2.008716805,3.991283195
GRAMPA2615,2.04429472,3.95570528
GRAMPA2616,0.491361694,5.508638306
GRAMPA2618,1.397940009,4.602059991
GRAMPA2619,1.096910013,4.903089987
GRAMPA2620,0.495544338,5.504455662
GRAMPA2621,0.795880017,5.204119983
GRAMPA2622,0.795880017,5.204119983
GRAMPA2623,1.096910013,4.903089987
GRAMPA2624,0.495544338,5.504455662
GRAMPA2625,2.0,4.0
GRAMPA2627,0.494850022,5.505149978
GRAMPA2628,0.494850022,5.505149978
GRAMPA2629,0.657809275,5.342190725
GRAMPA2630,0.462397998,5.537602002
GRAMPA2631,0.527803578,5.472196422
GRAMPA2632,0.230448921,5.769551079
GRAMPA2633,1.852174904,4.147825096
GRAMPA2634,0.903089987,5.096910013
GRAMPA2635,1.176091259,4.823908741
GRAMPA2636,0.602059991,5.397940009
GRAMPA2637,1.429375405,4.570624595
GRAMPA2638,1.332236415,4.667763585
GRAMPA2639,1.84565606,4.15434394
GRAMPA2640,1.678123662,4.321876338
GRAMPA2641,2.0,4.0
GRAMPA2642,2.397940009,3.602059991
GRAMPA2643,1.193124598,4.806875402
GRAMPA2644,0.799340549,5.200659451
GRAMPA2645,0.146128036,5.853871964
GRAMPA2646,2.028028724,3.971971276
GRAMPA2647,0.495544338,5.504455662
GRAMPA2648,0.494850022,5.505149978
GRAMPA2649,0.494850022,5.505149978
GRAMPA2650,1.726998728,4.273001272
GRAMPA2651,0.495544338,5.504455662
GRAMPA2652,1.703526007,4.296473993
GRAMPA2653,1.028028724,4.971971276
GRAMPA2654,0.494154594,5.505845406
GRAMPA2655,2.028028724,3.971971276
GRAMPA2656,1.795880017,4.204119983
GRAMPA2657,1.193124598,4.806875402
GRAMPA2658,0.602059991,5.397940009
GRAMPA2659,0.011814798,5.988185202
GRAMPA2660,0.397940009,5.602059991
GRAMPA2661,0.494850022,5.505149978
GRAMPA2662,0.858330877,5.141669123
GRAMPA2663,0.43778353,5.56221647
GRAMPA2664,2.0,4.0
GRAMPA2665,2.0,4.0
GRAMPA2666,1.806179974,4.193820026
GRAMPA2667,2.0,4.0
GRAMPA2668,1.505149978,4.494850022
GRAMPA2669,0.954242509,5.045757491
GRAMPA2670,1.380211242,4.619788758
GRAMPA2671,0.602059991,5.397940009
GRAMPA2672,0.477121255,5.522878745
GRAMPA2673,1.301029996,4.698970004
GRAMPA2674,1.096910013,4.903089987
GRAMPA2675,0.431363764,5.568636236
GRAMPA2676,0.698970004,5.301029996
GRAMPA2677,1.913827383,4.086172617
GRAMPA2678,0.903089987,5.096910013
GRAMPA2679,1.380211242,4.619788758
GRAMPA2680,1.273541391,4.726458609
GRAMPA2682,1.46899925,4.53100075
GRAMPA2683,1.220510399,4.779489601
GRAMPA2685,2.10720997,3.89279003
GRAMPA2686,2.0,4.0
GRAMPA2687,0.754505318,5.245494682
GRAMPA2688,1.698970004,4.301029996
GRAMPA2689,1.873126764,4.126873236
GRAMPA2690,-0.096910013,6.096910013
GRAMPA2691,1.505149978,4.494850022
GRAMPA2692,0.970036777,5.029963223
GRAMPA2693,0.823908741,5.176091259
GRAMPA2694,1.572096768,4.427903232
GRAMPA2695,0.84509804,5.15490196
GRAMPA2696,0.301029996,5.698970004
GRAMPA2697,0.84509804,5.15490196
GRAMPA2698,0.301029996,5.698970004
GRAMPA2699,0.477121255,5.522878745
GRAMPA2700,1.342671961,4.657328039
GRAMPA2701,0.193124598,5.806875402
GRAMPA2702,0.903089987,5.096910013
GRAMPA2703,-0.301029996,6.301029996
GRAMPA2704,1.671515722,4.328484278
GRAMPA2705,0.162433055,5.837566945
GRAMPA2706,0.397940009,5.602059991
GRAMPA2707,1.962904297,4.037095703
GRAMPA2708,2.529406009,3.470593991
GRAMPA2709,1.447158031,4.552841969
GRAMPA2710,0.26746166,5.73253834
GRAMPA2711,0.562101976,5.437898024
GRAMPA2712,0.864332406,5.135667594
GRAMPA2713,1.096910013,4.903089987
GRAMPA2714,0.739419662,5.260580338
GRAMPA2715,0.903089987,5.096910013
GRAMPA2716,0.903089987,5.096910013
GRAMPA2717,1.942015054,4.057984946
GRAMPA2718,1.301029996,4.698970004
GRAMPA2719,1.096910013,4.903089987
GRAMPA2720,1.397940009,4.602059991
GRAMPA2721,0.794720352,5.205279648
GRAMPA2722,1.096910013,4.903089987
GRAMPA2723,1.397940009,4.602059991
GRAMPA2724,0.491361694,5.508638306
GRAMPA2725,0.491361694,5.508638306
GRAMPA2726,1.096910013,4.903089987
GRAMPA2727,0.738468166,5.261531834
GRAMPA2728,0.650541042,5.349458958
GRAMPA2729,2.531783509,3.468216491
GRAMPA2730,0.462397998,5.537602002
GRAMPA2731,1.126873236,4.873126764
GRAMPA2732,-0.029750683,6.029750683
GRAMPA2733,0.278232136,5.721767864
GRAMPA2734,0.720882887,5.279117113
GRAMPA2735,0.138291866,5.861708134
GRAMPA2736,0.270054749,5.729945251
GRAMPA2737,1.324463204,4.675536796
GRAMPA2738,1.430456347,4.569543653
GRAMPA2739,0.612783857,5.387216143
GRAMPA2740,0.712148839,5.287851161
GRAMPA2741,2.329265833,3.670734167
GRAMPA2742,1.169527792,4.830472208
GRAMPA2743,2.254201153,3.745798847
GRAMPA2744,2.488550717,3.511449283
GRAMPA2745,0.988588034,5.011411966
GRAMPA2746,0.541924787,5.458075213
GRAMPA2747,1.72427587,4.27572413
GRAMPA2748,1.72427587,4.27572413
GRAMPA2749,1.60723838,4.39276162
GRAMPA2750,0.819543936,5.180456064
GRAMPA2751,2.301029996,3.698970004
GRAMPA2752,2.301029996,3.698970004
GRAMPA2753,2.301029996,3.698970004
GRAMPA2754,1.602059991,4.397940009
GRAMPA2755,2.124830149,3.875169851
GRAMPA2756,0.58177279,5.41822721
